Artist Name,Spotify ID,Spotify URL,Market
Arijit Singh,4YRxDV8wJFPHPTeXepOstw,https://open.spotify.com/artist/4YRxDV8wJFPHPTeXepOstw,IN
Shreya Ghoshal,0oOet2f43PA68X5RxKobEy,https://open.spotify.com/artist/0oOet2f43PA68X5RxKobEy,IN
Alka Yagnik,3gBKY0y3dFFVRqicLnVZYz,https://open.spotify.com/artist/3gBKY0y3dFFVRqicLnVZYz,IN
Pritam,1wRPtKGflJrBx9BmLsSwlU,https://open.spotify.com/artist/1wRPtKGflJrBx9BmLsSwlU,IN
Hindia,51kyrUsAVqUBcoDEMFkX12,https://open.spotify.com/artist/51kyrUsAVqUBcoDEMFkX12,IN
Hindi,2mytiyCQlWhNDRJnDv2S4j,https://open.spotify.com/artist/2mytiyCQlWhNDRJnDv2S4j,IN
Hindi,387VuGNTAZFLbEiMqyhNmY,https://open.spotify.com/artist/387VuGNTAZFLbEiMqyhNmY,IN
Hindi,5DET0lYkZfOEkE4OIj3gfz,https://open.spotify.com/artist/5DET0lYkZfOEkE4OIj3gfz,IN
HINDI,6STjDS86n3uxc5I0ZPiOIx,https://open.spotify.com/artist/6STjDS86n3uxc5I0ZPiOIx,IN
Hindi,4ALdAsQ5UhFM4TNpPKWloV,https://open.spotify.com/artist/4ALdAsQ5UhFM4TNpPKWloV,IN
Neha Kakkar,5f4QpKfy7ptCHwTqspnSJI,https://open.spotify.com/artist/5f4QpKfy7ptCHwTqspnSJI,IN
Armaan Malik,4IKVDbCSBTxBeAsMKjAuTs,https://open.spotify.com/artist/4IKVDbCSBTxBeAsMKjAuTs,IN
Abhijeet,2ZRrPOjBIWoKK5rHedLijj,https://open.spotify.com/artist/2ZRrPOjBIWoKK5rHedLijj,IN
Tulsi Kumar,0T1CMVkqffHlqEk4BcAph1,https://open.spotify.com/artist/0T1CMVkqffHlqEk4BcAph1,IN
Palak Muchhal,3yMmYEklQ7gLOZXEFNd3xr,https://open.spotify.com/artist/3yMmYEklQ7gLOZXEFNd3xr,IN
Parampara Tandon,1E6arsXf5Fgsnv9YpSzjpE,https://open.spotify.com/artist/1E6arsXf5Fgsnv9YpSzjpE,IN
Neeti Mohan,3ZxZ03fj3tXBZHZWzvaLSM,https://open.spotify.com/artist/3ZxZ03fj3tXBZHZWzvaLSM,IN
Sachet-Parampara,1SyKki7JI1AZNKwgNMkn25,https://open.spotify.com/artist/1SyKki7JI1AZNKwgNMkn25,IN
Rochak Kohli,3dN9MQpjIyNxyeRfz4EDZe,https://open.spotify.com/artist/3dN9MQpjIyNxyeRfz4EDZe,IN
Vairamuthu,1hFqbxc2MxieBIU4MqIEWm,https://open.spotify.com/artist/1hFqbxc2MxieBIU4MqIEWm,IN
KK,4fEkbug6kZzzJ8eYX6Kbbp,https://open.spotify.com/artist/4fEkbug6kZzzJ8eYX6Kbbp,IN
Udit Narayan,70B80Lwx2sxti0M1Ng9e8K,https://open.spotify.com/artist/70B80Lwx2sxti0M1Ng9e8K,IN
Bollywood,7288UrLFndjDXtZsCrPfpc,https://open.spotify.com/artist/7288UrLFndjDXtZsCrPfpc,IN
Bollywood Lofi,2HxBUNEBJe2o9KRvDQSgu7,https://open.spotify.com/artist/2HxBUNEBJe2o9KRvDQSgu7,IN
BollyWOOD,2McOo2faFvbK9OwRR5w8a9,https://open.spotify.com/artist/2McOo2faFvbK9OwRR5w8a9,IN
Bollywood,3wsKWhAcXa7FB1oYI8sXwT,https://open.spotify.com/artist/3wsKWhAcXa7FB1oYI8sXwT,IN
Vishal Dadlani,6CXEwIaXYfVJ84biCxqc9k,https://open.spotify.com/artist/6CXEwIaXYfVJ84biCxqc9k,IN
Shilpa Rao,19LIHDDSHBD5NyYHI3gpzB,https://open.spotify.com/artist/19LIHDDSHBD5NyYHI3gpzB,IN
Shankar-Ehsaan-Loy,0L5GV6LN8SWWUWIdBbTLTZ,https://open.spotify.com/artist/0L5GV6LN8SWWUWIdBbTLTZ,IN
Jeet Gannguli,2kkQthS9OLpK4UqNWYqoVl,https://open.spotify.com/artist/2kkQthS9OLpK4UqNWYqoVl,IN
Dhanda Nyoliwala,2rN8LHqK4TBI7y3d9POvJb,https://open.spotify.com/artist/2rN8LHqK4TBI7y3d9POvJb,IN
Jatin-Lalit,4YgUVg4p7xtMOrOS4GjiJZ,https://open.spotify.com/artist/4YgUVg4p7xtMOrOS4GjiJZ,IN
Anuradha Paudwal,4hkB2bR5ek6lJChj6aunCn,https://open.spotify.com/artist/4hkB2bR5ek6lJChj6aunCn,IN
Kunaal Vermaa,52XgeWw24o4klNdfwvB0Vx,https://open.spotify.com/artist/52XgeWw24o4klNdfwvB0Vx,IN
Filmy,0w4av5JIPZk9ZQ0lg6WwY4,https://open.spotify.com/artist/0w4av5JIPZk9ZQ0lg6WwY4,IN
Filmi,3lStdiR9rXUNvEaPnWWKZp,https://open.spotify.com/artist/3lStdiR9rXUNvEaPnWWKZp,IN
FILMI,5Tsdh0t8kIabWCEVcZtXsa,https://open.spotify.com/artist/5Tsdh0t8kIabWCEVcZtXsa,IN
Kumar Sanu,4K6blSRoklNdpw4mzLxwfn,https://open.spotify.com/artist/4K6blSRoklNdpw4mzLxwfn,IN
Amitabh Bhattacharya,2fMqTqiTxUDlmcOEPaQSsx,https://open.spotify.com/artist/2fMqTqiTxUDlmcOEPaQSsx,IN
Vineeth Sreenivasan,2uocTdMBXjTsS7QmAj7src,https://open.spotify.com/artist/2uocTdMBXjTsS7QmAj7src,IN
Mamta Sharma,0RMsiUCTjsdGjoKyhEm8Y4,https://open.spotify.com/artist/0RMsiUCTjsdGjoKyhEm8Y4,IN
Suzanne D'Mello,4HQeSXwG2BVH0KvxHE5oCf,https://open.spotify.com/artist/4HQeSXwG2BVH0KvxHE5oCf,IN
Alisha Chinai,4mBxoO0pAcMbAwuTcrcLMc,https://open.spotify.com/artist/4mBxoO0pAcMbAwuTcrcLMc,IN
Tochi Raina,6k6dimE4a6OFnD0HWmkIUW,https://open.spotify.com/artist/6k6dimE4a6OFnD0HWmkIUW,IN
Shweta Pandit,4L0JycQCCwKksT3G5SVApu,https://open.spotify.com/artist/4L0JycQCCwKksT3G5SVApu,IN
Amit Kumar,5l1aGNGCRGomCMHVufh6xC,https://open.spotify.com/artist/5l1aGNGCRGomCMHVufh6xC,IN
Vinod Rathod,1gHVDWrG6hVra3ZxV7mQWd,https://open.spotify.com/artist/1gHVDWrG6hVra3ZxV7mQWd,IN
Mohammed Aziz,3vXBH4XwXSLM1YIrRBt98k,https://open.spotify.com/artist/3vXBH4XwXSLM1YIrRBt98k,IN
Nadeem Shravan,0xHXoShMJw3xDArjL8IHtt,https://open.spotify.com/artist/0xHXoShMJw3xDArjL8IHtt,IN
Karan Aujla,6DARBhWbfcS9E4yJzcliqQ,https://open.spotify.com/artist/6DARBhWbfcS9E4yJzcliqQ,IN
Diljit Dosanjh,2FKWNmZWDBZR4dE5KX4plR,https://open.spotify.com/artist/2FKWNmZWDBZR4dE5KX4plR,IN
Sidhu Moose Wala,4PULA4EFzYTrxYvOVlwpiQ,https://open.spotify.com/artist/4PULA4EFzYTrxYvOVlwpiQ,IN
Shubh,5r3wPya2PpeTTsXsGhQU8O,https://open.spotify.com/artist/5r3wPya2PpeTTsXsGhQU8O,IN
AP Dhillon,6LEG9Ld1aLImEFEVHdWNSB,https://open.spotify.com/artist/6LEG9Ld1aLImEFEVHdWNSB,IN
Jasmine Sandlas,0mJDQBWytBhOh5JB1DOQ1c,https://open.spotify.com/artist/0mJDQBWytBhOh5JB1DOQ1c,IN
Cheema Y,0uOUeC51AxGnP6hB8gurwt,https://open.spotify.com/artist/0uOUeC51AxGnP6hB8gurwt,IN
Panjabi MC,74D1UgRzMhTSPz698exXmR,https://open.spotify.com/artist/74D1UgRzMhTSPz698exXmR,IN
Gur Sidhu,0QntOArZgiNHoemAzwJPu5,https://open.spotify.com/artist/0QntOArZgiNHoemAzwJPu5,IN
Raju Punjabi,5RnjdaS0Pqb4KgWvCoohs8,https://open.spotify.com/artist/5RnjdaS0Pqb4KgWvCoohs8,IN
DIVINE,4Ai0pGz6GhQavjzaRhPTvz,https://open.spotify.com/artist/4Ai0pGz6GhQavjzaRhPTvz,IN
Garry Sandhu,7M3xY5iHSzEtoL3FpqOD75,https://open.spotify.com/artist/7M3xY5iHSzEtoL3FpqOD75,IN
Jasmeen Akhtar,26Nqjj62IAXWZJptGopt9C,https://open.spotify.com/artist/26Nqjj62IAXWZJptGopt9C,IN
Saabi Bhinder,7balJhYEvDHAshA39peuCr,https://open.spotify.com/artist/7balJhYEvDHAshA39peuCr,IN
Gurinder Gill,5DHi2MeoRgAwPE0A0qwRMl,https://open.spotify.com/artist/5DHi2MeoRgAwPE0A0qwRMl,IN
Jyotica Tangri,5wQDQFm7Ku8WWGi5xqJ9lp,https://open.spotify.com/artist/5wQDQFm7Ku8WWGi5xqJ9lp,IN
Gill Machhrai,4r4r2gGaA74pul0n6FiRsE,https://open.spotify.com/artist/4r4r2gGaA74pul0n6FiRsE,IN
Bombay Rockers,1bLQBuSop3ekE5Qustj5nP,https://open.spotify.com/artist/1bLQBuSop3ekE5Qustj5nP,IN
Harshdeep Kaur,3xU8YsNNkmWSPewlB18NUz,https://open.spotify.com/artist/3xU8YsNNkmWSPewlB18NUz,IN
Sachin Gupta,34R6DQd8ErBy1xyOyMHFrq,https://open.spotify.com/artist/34R6DQd8ErBy1xyOyMHFrq,IN
Anirudh Ravichander,4zCH9qm4R2DADamUHMCa6O,https://open.spotify.com/artist/4zCH9qm4R2DADamUHMCa6O,IN
A.R. Rahman,1mYsTxnqsietFxj1OgoGbG,https://open.spotify.com/artist/1mYsTxnqsietFxj1OgoGbG,IN
Sid Sriram,7qjJw7ZM2ekDSahLXPjIlN,https://open.spotify.com/artist/7qjJw7ZM2ekDSahLXPjIlN,IN
Sai Abhyankkar,5jJrJU7VVmxQQLcLAmmxXc,https://open.spotify.com/artist/5jJrJU7VVmxQQLcLAmmxXc,IN
S. P. Balasubrahmanyam,2ae6PxICSOZHvjqiCcgon8,https://open.spotify.com/artist/2ae6PxICSOZHvjqiCcgon8,IN
Devi Sri Prasad,5sSzCxHtgL82pYDvx2QyEU,https://open.spotify.com/artist/5sSzCxHtgL82pYDvx2QyEU,IN
Tamil,3cbjjLJRUIy4Vlyc3wXYoG,https://open.spotify.com/artist/3cbjjLJRUIy4Vlyc3wXYoG,IN
Tamil,1GA24KnB5AUW2WM26fmZ0N,https://open.spotify.com/artist/1GA24KnB5AUW2WM26fmZ0N,IN
Yuvan Shankar Raja,6AiX12wXdXFoGJ2vk8zBjy,https://open.spotify.com/artist/6AiX12wXdXFoGJ2vk8zBjy,IN
Tamil,1XsOLgT5zsn4JSgTlfkpwU,https://open.spotify.com/artist/1XsOLgT5zsn4JSgTlfkpwU,IN
Vijay Antony,6CtYzQvENTdGq5LPPsePdV,https://open.spotify.com/artist/6CtYzQvENTdGq5LPPsePdV,IN
Pa. Vijay,1dg4azP3LshEhi3moXgJQv,https://open.spotify.com/artist/1dg4azP3LshEhi3moXgJQv,IN
D. Imman,1QcBqYUeQ4Ux3itkdDaFi0,https://open.spotify.com/artist/1QcBqYUeQ4Ux3itkdDaFi0,IN
Sean Roldan,3TUNkjIHkcvEy9oeK2D4hU,https://open.spotify.com/artist/3TUNkjIHkcvEy9oeK2D4hU,IN
Shakthisree Gopalan,7zAp0JbkavFg2rcMGvANtP,https://open.spotify.com/artist/7zAp0JbkavFg2rcMGvANtP,IN
Vijay Yesudas,0aUQnP4HhUQXcurZl9GJIA,https://open.spotify.com/artist/0aUQnP4HhUQXcurZl9GJIA,IN
Arivu,7rVV9d6vc4FLT752uRuk71,https://open.spotify.com/artist/7rVV9d6vc4FLT752uRuk71,IN
Harini,41BeeC5hYqvtGkM79RYvN4,https://open.spotify.com/artist/41BeeC5hYqvtGkM79RYvN4,IN
Ranjith Govind,7zFlr6Y537SdALqy0Xfvth,https://open.spotify.com/artist/7zFlr6Y537SdALqy0Xfvth,IN
Shashaa Tirupati,12CpR4SNDzVIlDoPSeNFeW,https://open.spotify.com/artist/12CpR4SNDzVIlDoPSeNFeW,IN
K. J. Yesudas,2wPsNCwhEGb0KvChZ5DD52,https://open.spotify.com/artist/2wPsNCwhEGb0KvChZ5DD52,IN
Ramajogayya Sastry,4GISoVSxo2LkF5EyorXs9W,https://open.spotify.com/artist/4GISoVSxo2LkF5EyorXs9W,IN
Mani Sharma,3AMxH9QIPZbK8ND8C9j4Ss,https://open.spotify.com/artist/3AMxH9QIPZbK8ND8C9j4Ss,IN
Karthik,0LSPREIgGMZXCuKVel7LVD,https://open.spotify.com/artist/0LSPREIgGMZXCuKVel7LVD,IN
Thaman S,2FgHPfRprDaylrSRVf1UlN,https://open.spotify.com/artist/2FgHPfRprDaylrSRVf1UlN,IN
Ilaiyaraaja,3m49WVMU4zCkaVEKb8kFW7,https://open.spotify.com/artist/3m49WVMU4zCkaVEKb8kFW7,IN
Chinmayi,5UJ2sHO2ELrgW6aXeRLTQQ,https://open.spotify.com/artist/5UJ2sHO2ELrgW6aXeRLTQQ,IN
S.P. Charan,1BIAyVQxDuYrMqZ8H1Faja,https://open.spotify.com/artist/1BIAyVQxDuYrMqZ8H1Faja,IN
Vijay Deverakonda,3k1eCPRO0dE0Q9YsRfh4vn,https://open.spotify.com/artist/3k1eCPRO0dE0Q9YsRfh4vn,IN
Geetha Madhuri,5qhGpFQDS0CHw4cKeCzaai,https://open.spotify.com/artist/5qhGpFQDS0CHw4cKeCzaai,IN
Radhan,5FOhBMFQo0pDhvISlFmxdi,https://open.spotify.com/artist/5FOhBMFQo0pDhvISlFmxdi,IN
Raghu Kunche,27UbUuYAM8Hc1BZKlydOB0,https://open.spotify.com/artist/27UbUuYAM8Hc1BZKlydOB0,IN
Bhuvana Chandra,6qJdT7Ol8lHV3I2ONq9hBi,https://open.spotify.com/artist/6qJdT7Ol8lHV3I2ONq9hBi,IN
Sreemani,4FMXVUiqvq8093FT0KBRza,https://open.spotify.com/artist/4FMXVUiqvq8093FT0KBRza,IN
Leon James,0wv5i0ds2z040yx7oL6UZy,https://open.spotify.com/artist/0wv5i0ds2z040yx7oL6UZy,IN
Harish Raghavendra,4Kw0NhqitzjxLy1jH5FlTg,https://open.spotify.com/artist/4Kw0NhqitzjxLy1jH5FlTg,IN
B. Ajaneesh Loknath,3PjvC3vaZ6wh5FK6PZ4Dd5,https://open.spotify.com/artist/3PjvC3vaZ6wh5FK6PZ4Dd5,IN
M.H.R,5A5bbXuMkVh28lxVO4y25g,https://open.spotify.com/artist/5A5bbXuMkVh28lxVO4y25g,IN
Shaan Rahman,42k1aOQmLqy5YQmqJ2zq8s,https://open.spotify.com/artist/42k1aOQmLqy5YQmqJ2zq8s,IN
K. S. Chithra,2IUtwMti1OiT3lkW6RubgH,https://open.spotify.com/artist/2IUtwMti1OiT3lkW6RubgH,IN
Sujatha,2JEjaa7hWhE1BbL3OcoeFR,https://open.spotify.com/artist/2JEjaa7hWhE1BbL3OcoeFR,IN
Sooraj Santhosh,66PGnr0hE7ZIcWir6IwitB,https://open.spotify.com/artist/66PGnr0hE7ZIcWir6IwitB,IN
Haricharan,1QvyquqkuuwUzdszyoKIy4,https://open.spotify.com/artist/1QvyquqkuuwUzdszyoKIy4,IN
Reble,3MsxNLVtDVGxjEaxgKAoi0,https://open.spotify.com/artist/3MsxNLVtDVGxjEaxgKAoi0,IN
Malayalam,66F3XGkzlB7nINAPo211f3,https://open.spotify.com/artist/66F3XGkzlB7nINAPo211f3,IN
Kalabhavan Mani,2pB05naIt3eCAIIxrZaAEA,https://open.spotify.com/artist/2pB05naIt3eCAIIxrZaAEA,IN
Lil PAYYAN,0HiSpiBBENQAo0BJX5u4ic,https://open.spotify.com/artist/0HiSpiBBENQAo0BJX5u4ic,IN
Dulquer Salmaan,3NHwwyb1coYa5cLyI72xSk,https://open.spotify.com/artist/3NHwwyb1coYa5cLyI72xSk,IN
BABY JEAN,3vhYECLQUeZVovqKwA5E0b,https://open.spotify.com/artist/3vhYECLQUeZVovqKwA5E0b,IN
Sithara Krishnakumar,6fvMFyB3RMPEyKyLJAS79c,https://open.spotify.com/artist/6fvMFyB3RMPEyKyLJAS79c,IN
Sachin Warrier,7wkeZcQtvDAeGvrTQO2hfK,https://open.spotify.com/artist/7wkeZcQtvDAeGvrTQO2hfK,IN
M. Jayachandran,67ra8R8hw9NkDyBaJBS2j6,https://open.spotify.com/artist/67ra8R8hw9NkDyBaJBS2j6,IN
Bibin Ashok,2r4835RasDrA3mvrZqYv1S,https://open.spotify.com/artist/2r4835RasDrA3mvrZqYv1S,IN
Rafeeq Ahamed,0XeydqmCIhwtjgY4NA8821,https://open.spotify.com/artist/0XeydqmCIhwtjgY4NA8821,IN
FIFTY4,1NApv6DzDP19uLuxJ0CuuP,https://open.spotify.com/artist/1NApv6DzDP19uLuxJ0CuuP,IN
Rahul Dit-O,1wYqqLCZJQ3ZMfKUGgZQoe,https://open.spotify.com/artist/1wYqqLCZJQ3ZMfKUGgZQoe,IN
Sanjith Hegde,1plObTufEAfeL1hk8Qz24v,https://open.spotify.com/artist/1plObTufEAfeL1hk8Qz24v,IN
Raghu Dixit,72578usTM6Cj5qWsi471Nc,https://open.spotify.com/artist/72578usTM6Cj5qWsi471Nc,IN
Arjun Janya,3IX32wm6CoEIYovZ0VcjBJ,https://open.spotify.com/artist/3IX32wm6CoEIYovZ0VcjBJ,IN
Sonu Nigam,1dVygo6tRFXC8CSWURQJq2,https://open.spotify.com/artist/1dVygo6tRFXC8CSWURQJq2,IN
S. Janaki,5Xpg6PBSUOoho2lI9qLjiu,https://open.spotify.com/artist/5Xpg6PBSUOoho2lI9qLjiu,IN
V. Harikrishna,2zPbgeprcP9vP4hbb0xQUX,https://open.spotify.com/artist/2zPbgeprcP9vP4hbb0xQUX,IN
All Ok,2wQP7peRciPJyvzDDmroBV,https://open.spotify.com/artist/2wQP7peRciPJyvzDDmroBV,IN
Pramod Maravanthe,2Rb3KxyRqgU3Wa8hGQaIIr,https://open.spotify.com/artist/2Rb3KxyRqgU3Wa8hGQaIIr,IN
C. Ashwath,6XFS5akkEopdq78TxOCCVI,https://open.spotify.com/artist/6XFS5akkEopdq78TxOCCVI,IN
Anup Bhandari,0YgygYV4bW2zwReIPqNJwL,https://open.spotify.com/artist/0YgygYV4bW2zwReIPqNJwL,IN
Chi. Udayashankar,2pj2M5Ev8R8MfO3I6Em9WL,https://open.spotify.com/artist/2pj2M5Ev8R8MfO3I6Em9WL,IN
Anthony Daasan,1lDx24tVvy8JVKOVjnlJfv,https://open.spotify.com/artist/1lDx24tVvy8JVKOVjnlJfv,IN
Naveen Madhav,3oVTCMgAvt1x7EogVtX40H,https://open.spotify.com/artist/3oVTCMgAvt1x7EogVtX40H,IN
Raj-Koti,78eKGjMa7yG0HpHyo8W3kA,https://open.spotify.com/artist/78eKGjMa7yG0HpHyo8W3kA,IN
Hamsika Iyer,35jsUTwBj5cW9GuNB7Xp61,https://open.spotify.com/artist/35jsUTwBj5cW9GuNB7Xp61,IN
Jayant Kaikini,5p4VpAZm4FEyAeNDELFAMB,https://open.spotify.com/artist/5p4VpAZm4FEyAeNDELFAMB,IN
SAMBATA,3Il6TyOnML9fMSCyDMbUCO,https://open.spotify.com/artist/3Il6TyOnML9fMSCyDMbUCO,IN
Sanju Rathod,4B9efXsA6sv4w3vts8E0T7,https://open.spotify.com/artist/4B9efXsA6sv4w3vts8E0T7,IN
Lata Mangeshkar,61JrslREXq98hurYL2hYoc,https://open.spotify.com/artist/61JrslREXq98hurYL2hYoc,IN
Asha Bhosle,5as8A4G47Ohu9NSWs3Je8U,https://open.spotify.com/artist/5as8A4G47Ohu9NSWs3Je8U,IN
Ajay-Atul,5fvTHKKzW44A9867nPDocM,https://open.spotify.com/artist/5fvTHKKzW44A9867nPDocM,IN
G-SPXRK,7BcFJxi62f6cbPyxdTZGll,https://open.spotify.com/artist/7BcFJxi62f6cbPyxdTZGll,IN
Sonali Sonawane,4SG93C6umdFmpTKj9glUh3,https://open.spotify.com/artist/4SG93C6umdFmpTKj9glUh3,IN
Shankar Mahadevan,1SJOL9HJ08YOn92lFcYf8a,https://open.spotify.com/artist/1SJOL9HJ08YOn92lFcYf8a,IN
Marathi,53cXkFAEPHMZgNalK59rDB,https://open.spotify.com/artist/53cXkFAEPHMZgNalK59rDB,IN
Preet Bandre,53vx7sCjX8Ll1I0H59ZDr2,https://open.spotify.com/artist/53vx7sCjX8Ll1I0H59ZDr2,IN
Sachin Pilgaonkar,0QBWnWqBwxjC1FHlUo55lV,https://open.spotify.com/artist/0QBWnWqBwxjC1FHlUo55lV,IN
Ajit Kadkade,1D5dS1JSxhpLBfYkQ9EMwN,https://open.spotify.com/artist/1D5dS1JSxhpLBfYkQ9EMwN,IN
Bhaiya More,4B6IaXqo4Yq0kUeUFRjya6,https://open.spotify.com/artist/4B6IaXqo4Yq0kUeUFRjya6,IN
Vijay Bhate,4e7fpizWnn5UzKBzZ4zl4f,https://open.spotify.com/artist/4e7fpizWnn5UzKBzZ4zl4f,IN
Mahesh Hiremath,3bXd6shaMKDPF6ypJrbulF,https://open.spotify.com/artist/3bXd6shaMKDPF6ypJrbulF,IN
Sanket Gurav,6auFxXWRND1WYlRzEYY5Zr,https://open.spotify.com/artist/6auFxXWRND1WYlRzEYY5Zr,IN
Suhas Munde,5XxELUwPec9vasBL2mgaOW,https://open.spotify.com/artist/5XxELUwPec9vasBL2mgaOW,IN
Anupama,1mMKKbLFrIqfOzLqFuGBRt,https://open.spotify.com/artist/1mMKKbLFrIqfOzLqFuGBRt,IN
DJ MHD IND,2YpNsPpoWV4shQrSGbJtrd,https://open.spotify.com/artist/2YpNsPpoWV4shQrSGbJtrd,IN
Pawan Singh,1T7MiVJ2MJlR5GKi11w4VT,https://open.spotify.com/artist/1T7MiVJ2MJlR5GKi11w4VT,IN
Khesari Lal Yadav,69WMBCOrVeaxtZJCowDJ0a,https://open.spotify.com/artist/69WMBCOrVeaxtZJCowDJ0a,IN
Neelkamal Singh,2pywmTkxO0H1CY8ZXSJTSC,https://open.spotify.com/artist/2pywmTkxO0H1CY8ZXSJTSC,IN
Shilpi Raj,12HVwm3qt6gOkKhDoj00m4,https://open.spotify.com/artist/12HVwm3qt6gOkKhDoj00m4,IN
Samar Singh,001Ju8fxqMbobN0xjX7XPL,https://open.spotify.com/artist/001Ju8fxqMbobN0xjX7XPL,IN
Shivani Singh,22bsH6ya7Wbrlf9Snsw8q3,https://open.spotify.com/artist/22bsH6ya7Wbrlf9Snsw8q3,IN
Awadhesh Premi Yadav,5SOqYCvEwbvilS0VSRO5mE,https://open.spotify.com/artist/5SOqYCvEwbvilS0VSRO5mE,IN
Bhojpuri Gana,4N597lRaGLGgBQLwZ1G8Kc,https://open.spotify.com/artist/4N597lRaGLGgBQLwZ1G8Kc,IN
Kalpana Patowary,1RMmK2dEtVEbhSV7qvSXJ1,https://open.spotify.com/artist/1RMmK2dEtVEbhSV7qvSXJ1,IN
Bhojpuri,0Ms8s7rKhJG0JP6foEI5zs,https://open.spotify.com/artist/0Ms8s7rKhJG0JP6foEI5zs,IN
Golu Gold,6donQuEdNWocAz3eppyoP9,https://open.spotify.com/artist/6donQuEdNWocAz3eppyoP9,IN
Anupma Yadav,1npM7bcqlGK4UpD5LDLnEm,https://open.spotify.com/artist/1npM7bcqlGK4UpD5LDLnEm,IN
Chand Jee,2HAuGxIWzSAUbnJdsg9iV6,https://open.spotify.com/artist/2HAuGxIWzSAUbnJdsg9iV6,IN
Madhukar Anand,56EYJpiVegJzwnteP5z6YF,https://open.spotify.com/artist/56EYJpiVegJzwnteP5z6YF,IN
Vinay Vinayak,4wyaxNPD3YzvtZzkZIVjJp,https://open.spotify.com/artist/4wyaxNPD3YzvtZzkZIVjJp,IN
Narender Bhagana,6Fom93njgQmfWGslEx76dE,https://open.spotify.com/artist/6Fom93njgQmfWGslEx76dE,IN
DJ Harshit Shah,2tj8mpAYuA0p3XjIUhviMG,https://open.spotify.com/artist/2tj8mpAYuA0p3XjIUhviMG,IN
Shubham Raj (SBR),1pL9FYc9SfCnnokFNrqqUp,https://open.spotify.com/artist/1pL9FYc9SfCnnokFNrqqUp,IN
R Jay Kang,6A0b4OvZLNt9Eqe20iLPjn,https://open.spotify.com/artist/6A0b4OvZLNt9Eqe20iLPjn,IN
Ashutosh Tiwari,6031CfLPUBhBO6JAu7eEKM,https://open.spotify.com/artist/6031CfLPUBhBO6JAu7eEKM,IN
Peter Cat Recording Co.,41Nu7NgAj9rJxjj7JDuXrV,https://open.spotify.com/artist/41Nu7NgAj9rJxjj7JDuXrV,IN
The Yellow Diary,6xlrAAgxcRlgCXnbg2hcFc,https://open.spotify.com/artist/6xlrAAgxcRlgCXnbg2hcFc,IN
Saaheal,29S4JzoFUP1MCyMgKd83zM,https://open.spotify.com/artist/29S4JzoFUP1MCyMgKd83zM,IN
Lifafa,6i50rQJbETLRREwFn3plcw,https://open.spotify.com/artist/6i50rQJbETLRREwFn3plcw,IN
Kushagra,2IKfr1JgPRXmXKAWwrABc6,https://open.spotify.com/artist/2IKfr1JgPRXmXKAWwrABc6,IN
Arpit Bala,6qtADmCOQ6a9NlpMULzJj9,https://open.spotify.com/artist/6qtADmCOQ6a9NlpMULzJj9,IN
Shashwat Sachdev,465OXuCU8YZNmVG1leLwQ9,https://open.spotify.com/artist/465OXuCU8YZNmVG1leLwQ9,IN
The Indian Choral Ensemble,4Rp2Fp4kllqWQWZLbEZgm3,https://open.spotify.com/artist/4Rp2Fp4kllqWQWZLbEZgm3,IN
Aditya Rikhari,3ozYqVCLohfpXIhalkhM8D,https://open.spotify.com/artist/3ozYqVCLohfpXIhalkhM8D,IN
Indie,3lUySVXDie8nAZIWmNSbTH,https://open.spotify.com/artist/3lUySVXDie8nAZIWmNSbTH,IN
Karun,7FvX2e6CgYllzgZ9uempWF,https://open.spotify.com/artist/7FvX2e6CgYllzgZ9uempWF,IN
Sheheryar Rehan,4uulqSsU6e7BdsYYos6kfS,https://open.spotify.com/artist/4uulqSsU6e7BdsYYos6kfS,IN
wolf.cryman,43CbNTpTFxvw0F9UxMZVTO,https://open.spotify.com/artist/43CbNTpTFxvw0F9UxMZVTO,IN
Annural Khalid,1nCZUpBIcyOxufOx0lPeIW,https://open.spotify.com/artist/1nCZUpBIcyOxufOx0lPeIW,IN
slow hindi,6GNJbnkDNRE93iN27ek2n5,https://open.spotify.com/artist/6GNJbnkDNRE93iN27ek2n5,IN
AtharvaMusic,689wgdJ8FExzGjaiehjfTS,https://open.spotify.com/artist/689wgdJ8FExzGjaiehjfTS,IN
Maanu,3scNK8e4mqnP6Rb8a3lwZY,https://open.spotify.com/artist/3scNK8e4mqnP6Rb8a3lwZY,IN
The Rish,0Eb38FY9vOjiRA10iXPGHI,https://open.spotify.com/artist/0Eb38FY9vOjiRA10iXPGHI,IN
Pratik Gangavane,6eBkw5IL6oFehkMupSVa0S,https://open.spotify.com/artist/6eBkw5IL6oFehkMupSVa0S,IN
KR$NA,5C1S9XwxMuuCciutwMhp5t,https://open.spotify.com/artist/5C1S9XwxMuuCciutwMhp5t,IN
Seedhe Maut,2oBG74gAocPMFv6Ij9ykdo,https://open.spotify.com/artist/2oBG74gAocPMFv6Ij9ykdo,IN
Emiway Bantai,008PpLcKUtVXle6JSwkq3I,https://open.spotify.com/artist/008PpLcKUtVXle6JSwkq3I,IN
KDS,41opZo9bHh8CZoIdR3IgP7,https://open.spotify.com/artist/41opZo9bHh8CZoIdR3IgP7,IN
Talwiinder,6QoCrBHsojKnOrsGNfRcTN,https://open.spotify.com/artist/6QoCrBHsojKnOrsGNfRcTN,IN
Bhumi,6ze415xN4HqPmAhj1P4pRl,https://open.spotify.com/artist/6ze415xN4HqPmAhj1P4pRl,IN
GABRI,4NPVKDDjJUl4qJX0soxyng,https://open.spotify.com/artist/4NPVKDDjJUl4qJX0soxyng,IN
Encore ABJ,1GNRmzBPWT8hh6CYxkNiRy,https://open.spotify.com/artist/1GNRmzBPWT8hh6CYxkNiRy,IN
Phenom,03hG7s3MUquIZwa4OvtLD7,https://open.spotify.com/artist/03hG7s3MUquIZwa4OvtLD7,IN
Jay Stellar,7xf80lxGAylsBqdiQP0mRk,https://open.spotify.com/artist/7xf80lxGAylsBqdiQP0mRk,IN
Dhp,77NUvfelg2oWph4u620NwF,https://open.spotify.com/artist/77NUvfelg2oWph4u620NwF,IN
AUR,2cjQTf2J5yCaNY8qHpW855,https://open.spotify.com/artist/2cjQTf2J5yCaNY8qHpW855,IN
Abdullah Siddiqui,3PbkSdpJnYRF18jau74b7R,https://open.spotify.com/artist/3PbkSdpJnYRF18jau74b7R,IN
toorjo dey,2K7LWCOiWME8Na9QWEbUwL,https://open.spotify.com/artist/2K7LWCOiWME8Na9QWEbUwL,IN
Charanraj MR,002yVW3Yn595KWy74buQ1k,https://open.spotify.com/artist/002yVW3Yn595KWy74buQ1k,IN
Raj Brar,6ZBd1hRd7fSEEn7UM1UDCv,https://open.spotify.com/artist/6ZBd1hRd7fSEEn7UM1UDCv,IN
Anita Samana,76breG63wlGxkseK0a1dtn,https://open.spotify.com/artist/76breG63wlGxkseK0a1dtn,IN
Raj Brar,5tzlotNwu5hfBcEDmmMTlZ,https://open.spotify.com/artist/5tzlotNwu5hfBcEDmmMTlZ,IN
Desi Pop,3sdR0hInDpkaeWjKjmVVVf,https://open.spotify.com/artist/3sdR0hInDpkaeWjKjmVVVf,IN
Kumaar,0m3D4grap8VFSzbJMqgNVk,https://open.spotify.com/artist/0m3D4grap8VFSzbJMqgNVk,IN
Desi Crew,6lMIhndzcevFkVWSJnXPt2,https://open.spotify.com/artist/6lMIhndzcevFkVWSJnXPt2,IN
Badshah,0y59o4v8uw5crbN9M3JiL1,https://open.spotify.com/artist/0y59o4v8uw5crbN9M3JiL1,IN
Manoj Muntashir,4cAERazLlAzVGA10ORWaUP,https://open.spotify.com/artist/4cAERazLlAzVGA10ORWaUP,IN
Mohit Chauhan,5GnnSrwNCGyfAU4zuIytiS,https://open.spotify.com/artist/5GnnSrwNCGyfAU4zuIytiS,IN
Anumita Nadesan,1nmKYy6efdYl8sIcT0gCLJ,https://open.spotify.com/artist/1nmKYy6efdYl8sIcT0gCLJ,IN
Naaz,0tbKF46lbRv4HqO4A4LSSs,https://open.spotify.com/artist/0tbKF46lbRv4HqO4A4LSSs,IN
Parampara Thakur,3BgdtJXnzcGLt7DSKe6Qmr,https://open.spotify.com/artist/3BgdtJXnzcGLt7DSKe6Qmr,IN
Dishant,03NjaVnVwllxUUcSUDglNJ,https://open.spotify.com/artist/03NjaVnVwllxUUcSUDglNJ,IN
Kenzani,6h4u0DWy8GXHeehzB0kaiM,https://open.spotify.com/artist/6h4u0DWy8GXHeehzB0kaiM,IN
Lost Stories,4RCALXqxv2udxtuLatKPSi,https://open.spotify.com/artist/4RCALXqxv2udxtuLatKPSi,IN
Saahel,7st82DZof2QDfmIZPTgr7r,https://open.spotify.com/artist/7st82DZof2QDfmIZPTgr7r,IN
Midival Punditz,7GmnD2XZleQw8PPzRJV7FY,https://open.spotify.com/artist/7GmnD2XZleQw8PPzRJV7FY,IN
Rusha & Blizza,2HrvJh5lOdSH1DLlWCAtJI,https://open.spotify.com/artist/2HrvJh5lOdSH1DLlWCAtJI,IN
Nucleya,2CkrXQPoBz8jTQ3u0ZeLPh,https://open.spotify.com/artist/2CkrXQPoBz8jTQ3u0ZeLPh,IN
Farooq Got Audio,2u2vVyG4FLtNI8sMUMnIPm,https://open.spotify.com/artist/2u2vVyG4FLtNI8sMUMnIPm,IN
Asad Khan,3XjXhRHZjamOXeraqTWff7,https://open.spotify.com/artist/3XjXhRHZjamOXeraqTWff7,IN
Prabha,34elqsxqSGiim8NF9fRbn3,https://open.spotify.com/artist/34elqsxqSGiim8NF9fRbn3,IN
KSHMR,2wX6xSig4Rig5kZU6ePlWe,https://open.spotify.com/artist/2wX6xSig4Rig5kZU6ePlWe,IN
Aatma,6zaWFQYU5em3iUkjvzbF70,https://open.spotify.com/artist/6zaWFQYU5em3iUkjvzbF70,IN
Karsh Kale,5KNQvpxpsSUsL8Mon7SjYn,https://open.spotify.com/artist/5KNQvpxpsSUsL8Mon7SjYn,IN
IndianRaga,5DbZM6EMfteh7XubuLMtoC,https://open.spotify.com/artist/5DbZM6EMfteh7XubuLMtoC,IN
Sickflip,4a5cFa2gISG9QtjELLgYcZ,https://open.spotify.com/artist/4a5cFa2gISG9QtjELLgYcZ,IN
Biddu,2BzH5YmKSqiVskBsC6PUw2,https://open.spotify.com/artist/2BzH5YmKSqiVskBsC6PUw2,IN
Axel Johansson,2xW3pBjCngD69hC1wIUgjA,https://open.spotify.com/artist/2xW3pBjCngD69hC1wIUgjA,IN
Bahramji,1TRLkR7OoXzEwUckYwHt5B,https://open.spotify.com/artist/1TRLkR7OoXzEwUckYwHt5B,IN
Gunda,7qviR9RWRL1V3aM0yQ8V0D,https://open.spotify.com/artist/7qviR9RWRL1V3aM0yQ8V0D,IN
Debb Official,3M8HMNDlGSYn972Qiu6xLa,https://open.spotify.com/artist/3M8HMNDlGSYn972Qiu6xLa,IN
Slick Trick,6ENmrRecdouZ74WXpHjQZl,https://open.spotify.com/artist/6ENmrRecdouZ74WXpHjQZl,IN
Rishab Rikhiram Sharma,1tXDFZbje7UGfRIQ2C7xXu,https://open.spotify.com/artist/1tXDFZbje7UGfRIQ2C7xXu,IN
Ravi Shankar,4uE9TgBW0AaPDHL1qYbtd0,https://open.spotify.com/artist/4uE9TgBW0AaPDHL1qYbtd0,IN
Pandit Bhimsen Joshi,5MHTQcUQIhxhZdB6Glwmmk,https://open.spotify.com/artist/5MHTQcUQIhxhZdB6Glwmmk,IN
Armaan Khan,68CFADZWUwvJMqkCeqmxMJ,https://open.spotify.com/artist/68CFADZWUwvJMqkCeqmxMJ,IN
Uttam Singh,0AWYFpUfZxzxKUgN5k0GrQ,https://open.spotify.com/artist/0AWYFpUfZxzxKUgN5k0GrQ,IN
Unnikrishnan,0mV4UQ0gHg59AAUtg968pX,https://open.spotify.com/artist/0mV4UQ0gHg59AAUtg968pX,IN
Bombay Jayashri,5OTt6O4Q22YsqZDaWV6FqC,https://open.spotify.com/artist/5OTt6O4Q22YsqZDaWV6FqC,IN
Shujaat Khan,4SY41gazmsCCMk9OYB9ep0,https://open.spotify.com/artist/4SY41gazmsCCMk9OYB9ep0,IN
Bombay Ravi,64LDk5Ybgn78jRN8ESzgtV,https://open.spotify.com/artist/64LDk5Ybgn78jRN8ESzgtV,IN
Prithvi Gandharv,5mXxFxVsphnPepnqhgBBhs,https://open.spotify.com/artist/5mXxFxVsphnPepnqhgBBhs,IN
Tyaagaraaja,32Wfzo61Azkmf5vX6sjarv,https://open.spotify.com/artist/32Wfzo61Azkmf5vX6sjarv,IN
Pulamaipithan,1gqO4AOJNAZvvUjO9Izhgy,https://open.spotify.com/artist/1gqO4AOJNAZvvUjO9Izhgy,IN
Kalyani Menon,56cdU5EX1q2eqlhV0w2A6D,https://open.spotify.com/artist/56cdU5EX1q2eqlhV0w2A6D,IN
Nithyasree Mahadevan,6UPWm7jqlonf0Xy4EB3x2m,https://open.spotify.com/artist/6UPWm7jqlonf0Xy4EB3x2m,IN
O.S. Arun,1H2WiaO7p3zNNmjoBznv70,https://open.spotify.com/artist/1H2WiaO7p3zNNmjoBznv70,IN
Abby V,73VDhvYEhL7FbnDPaNTUmX,https://open.spotify.com/artist/73VDhvYEhL7FbnDPaNTUmX,IN
Sai Vignesh,3cGZqGPKhq8ChGYotV0mlS,https://open.spotify.com/artist/3cGZqGPKhq8ChGYotV0mlS,IN
Agam,4DHXXUP4qza7DacDKVT23G,https://open.spotify.com/artist/4DHXXUP4qza7DacDKVT23G,IN
M. S. Subbulakshmi,35NVYJXOwkjY8bpul6OBQl,https://open.spotify.com/artist/35NVYJXOwkjY8bpul6OBQl,IN
T. M. Krishna,46SVKeOGxlqIAzE0BKXQWM,https://open.spotify.com/artist/46SVKeOGxlqIAzE0BKXQWM,IN
Saindhavi,6rEXjeIJ0wL6BFdo8CRcit,https://open.spotify.com/artist/6rEXjeIJ0wL6BFdo8CRcit,IN
Vijay Prakash,4iA6bUhiZyvRKJf4FNVX39,https://open.spotify.com/artist/4iA6bUhiZyvRKJf4FNVX39,IN
Soolamangalam Sisters,6gQPz9cuV4hTsMFOuw7eSf,https://open.spotify.com/artist/6gQPz9cuV4hTsMFOuw7eSf,IN
Gowry Lekshmi,4Te1MOr4Y7E4lMvaeuyEjR,https://open.spotify.com/artist/4Te1MOr4Y7E4lMvaeuyEjR,IN
S. P. Venkatesh,5qmCA012x0phMiytouYPqt,https://open.spotify.com/artist/5qmCA012x0phMiytouYPqt,IN
Haripriya,1CUAEnzS0hidDnH66AUS3h,https://open.spotify.com/artist/1CUAEnzS0hidDnH66AUS3h,IN
Raghuu,2iBMTe9ns83ock9Uhl5Rj5,https://open.spotify.com/artist/2iBMTe9ns83ock9Uhl5Rj5,IN
Nobin Paul,1IePb1XERqYnAqO9dWi2pf,https://open.spotify.com/artist/1IePb1XERqYnAqO9dWi2pf,IN
Uma Mohan,3IJsrpcwlIt9wYIFISmc4q,https://open.spotify.com/artist/3IJsrpcwlIt9wYIFISmc4q,IN
Pragathi Guruprasad,1IMZlbjHW9DCrW6xbtjI6F,https://open.spotify.com/artist/1IMZlbjHW9DCrW6xbtjI6F,IN
"Sonu Nigam,Kaviraj",0xBObPoSh8ZjNE6stxfS73,https://open.spotify.com/artist/0xBObPoSh8ZjNE6stxfS73,IN
Hindustani Bhau,1DO2rL5LLZMkQTXTk2NSEn,https://open.spotify.com/artist/1DO2rL5LLZMkQTXTk2NSEn,IN
Hindustani,3CAmIia4JxlvrUdxecWn5f,https://open.spotify.com/artist/3CAmIia4JxlvrUdxecWn5f,IN
Sahir Ludhianvi,1nLvkKjnfpnouM0Mpyd4cc,https://open.spotify.com/artist/1nLvkKjnfpnouM0Mpyd4cc,IN
Shiv Tandan,74wYoI5DV3XZGJri7l9cOP,https://open.spotify.com/artist/74wYoI5DV3XZGJri7l9cOP,IN
Shubha Mudgal,1cXjeY6DeuvHqOLioXcHZk,https://open.spotify.com/artist/1cXjeY6DeuvHqOLioXcHZk,IN
Tapas Relia,0iBqHeUD0rnSWXbC9UAT5O,https://open.spotify.com/artist/0iBqHeUD0rnSWXbC9UAT5O,IN
Nazia Hassan,5hW7KULTxMzCDnqaV7LASR,https://open.spotify.com/artist/5hW7KULTxMzCDnqaV7LASR,IN
Sagnik Kolay,0bMaAXWJgqoOyETAQp4MIc,https://open.spotify.com/artist/0bMaAXWJgqoOyETAQp4MIc,IN
MC INSANE,7vlghc3VSBc7oPg2a2FRSq,https://open.spotify.com/artist/7vlghc3VSBc7oPg2a2FRSq,IN
Harsha Darivemula,7wwMNMZtIVyNHOYXNKqQsk,https://open.spotify.com/artist/7wwMNMZtIVyNHOYXNKqQsk,IN
Mano Murthy,3ijciQeyNDV7iQicWGWLWj,https://open.spotify.com/artist/3ijciQeyNDV7iQicWGWLWj,IN
Sachin Urmtosh,1mU6MSjhzEgsJBjEIWbUy3,https://open.spotify.com/artist/1mU6MSjhzEgsJBjEIWbUy3,IN
Bali,65pmgBULHr82D3llNlHtB8,https://open.spotify.com/artist/65pmgBULHr82D3llNlHtB8,IN
GHILDIYAL,19oE1SHCKszlQciGXQGtbW,https://open.spotify.com/artist/19oE1SHCKszlQciGXQGtbW,IN
Jagjit Singh,2ijWbN5KykTYiBoVmhzCTU,https://open.spotify.com/artist/2ijWbN5KykTYiBoVmhzCTU,IN
Ghulam Ali,62mCohf6aiF3nryWghwCxM,https://open.spotify.com/artist/62mCohf6aiF3nryWghwCxM,IN
Kishore Kumar,0GF4shudTAFv8ak9eWdd4Y,https://open.spotify.com/artist/0GF4shudTAFv8ak9eWdd4Y,IN
Mehdi Hassan,73Qu5twIpvKmLU0rPaEJi4,https://open.spotify.com/artist/73Qu5twIpvKmLU0rPaEJi4,IN
Pankaj Udhas,4Qpbhxe0sO2zhvUVfODdZw,https://open.spotify.com/artist/4Qpbhxe0sO2zhvUVfODdZw,IN
Gulzar,0yRC5n90spXG0d3aiDQ0vB,https://open.spotify.com/artist/0yRC5n90spXG0d3aiDQ0vB,IN
Hariharan,2NoJ7NuNs9nyj8Thoh1kbu,https://open.spotify.com/artist/2NoJ7NuNs9nyj8Thoh1kbu,IN
Kumar Satyamm,4N1gjy2diOogRDTOIxNxLG,https://open.spotify.com/artist/4N1gjy2diOogRDTOIxNxLG,IN
Sayeed Quadri,2pGRniGOJSOvYoK3dGaBb8,https://open.spotify.com/artist/2pGRniGOJSOvYoK3dGaBb8,IN
Anup Jalota,3kzGeGPP5gd5KAMm6QggHV,https://open.spotify.com/artist/3kzGeGPP5gd5KAMm6QggHV,IN
Zeeshan Ali,1Bz46nDCMO1UOKp9GJjL92,https://open.spotify.com/artist/1Bz46nDCMO1UOKp9GJjL92,IN
Faisal Rafi,4RD36PYVvbMaJXgUHJztC1,https://open.spotify.com/artist/4RD36PYVvbMaJXgUHJztC1,IN
Tauseef Akhtar,64K7dDYqbTWTATxVvIm0Sl,https://open.spotify.com/artist/64K7dDYqbTWTATxVvIm0Sl,IN
Mujtaba Aziz Naza,2yxX2XZyWVBpVX3pNaG0UF,https://open.spotify.com/artist/2yxX2XZyWVBpVX3pNaG0UF,IN
Vishal Bhardwaj,1JdHoZwkwOmX2Pl2iTwnzc,https://open.spotify.com/artist/1JdHoZwkwOmX2Pl2iTwnzc,IN
Anurag Saikia,6hzngLO20cX5IGqT0hVv1G,https://open.spotify.com/artist/6hzngLO20cX5IGqT0hVv1G,IN
Roshan,6Wg3akugFVCH4iYhEKk0GM,https://open.spotify.com/artist/6Wg3akugFVCH4iYhEKk0GM,IN
Rais Anis Sabri,7II57RndXqhcPF7t6trV0O,https://open.spotify.com/artist/7II57RndXqhcPF7t6trV0O,IN
Nusrat Fateh Ali Khan,5HcunTidTUrOaf8V0iJcvl,https://open.spotify.com/artist/5HcunTidTUrOaf8V0iJcvl,IN
Rahat Fateh Ali Khan,3OLGltG8UPIea8sA4w0yg0,https://open.spotify.com/artist/3OLGltG8UPIea8sA4w0yg0,IN
Chand Qadri,2hKrRXX9w5JhotZlhCCf3D,https://open.spotify.com/artist/2hKrRXX9w5JhotZlhCCf3D,IN
Owais Raza Qadri,1ymQAIQTQDQyskr4FEG0wO,https://open.spotify.com/artist/1ymQAIQTQDQyskr4FEG0wO,IN
Kanwar Grewal,406oFsSzz2qjU3FD6fozxu,https://open.spotify.com/artist/406oFsSzz2qjU3FD6fozxu,IN
Javed Ali,4W91bbPB2CTSsHwt7eqNl7,https://open.spotify.com/artist/4W91bbPB2CTSsHwt7eqNl7,IN
Kailash Kher,4oVMLzAqW6qhRpZWt8fNw4,https://open.spotify.com/artist/4oVMLzAqW6qhRpZWt8fNw4,IN
Waqar Khan,1SNuHi2OFtW7XggF1NbeV9,https://open.spotify.com/artist/1SNuHi2OFtW7XggF1NbeV9,IN
Anwar Jaani Qawaal,0APDiSQ7K9k6jpRZ4YrUO3,https://open.spotify.com/artist/0APDiSQ7K9k6jpRZ4YrUO3,IN
Ghulam Mustafa Qadri,1UVX7ro5CZLkL8fQDUfAGL,https://open.spotify.com/artist/1UVX7ro5CZLkL8fQDUfAGL,IN
Khalid Khan Qawal,5K4JiArBGNpuIS4jlHjeSd,https://open.spotify.com/artist/5K4JiArBGNpuIS4jlHjeSd,IN
Arrjun pandey,4cXHd2VBtClRi3H4tmSDpd,https://open.spotify.com/artist/4cXHd2VBtClRi3H4tmSDpd,IN
Meera Bai,3NvnKh9Bah41poPv5P1c2D,https://open.spotify.com/artist/3NvnKh9Bah41poPv5P1c2D,IN
Farhan Saeed,1W67L8OH9z7C3b9YJJbVYq,https://open.spotify.com/artist/1W67L8OH9z7C3b9YJJbVYq,IN
ER,7uhWXYh7CNH1M9Dwko8qll,https://open.spotify.com/artist/7uhWXYh7CNH1M9Dwko8qll,IN
Aditya Dev,2IX6xq1cVcBoD4obUsT5xs,https://open.spotify.com/artist/2IX6xq1cVcBoD4obUsT5xs,IN
Yusuf Mohammed,5XWfOrZhMMjoBTKcAgtFxe,https://open.spotify.com/artist/5XWfOrZhMMjoBTKcAgtFxe,IN
Vajid Ali,3cXNzZYIOUpv22w4iJm42t,https://open.spotify.com/artist/3cXNzZYIOUpv22w4iJm42t,IN
AZART RECORDS,0or1ojzFTfJKDSXeXNLwzS,https://open.spotify.com/artist/0or1ojzFTfJKDSXeXNLwzS,IN
Azim Naza,570lvTOPdM8s7hfWv1MBUQ,https://open.spotify.com/artist/570lvTOPdM8s7hfWv1MBUQ,IN
Azaad Khanda Khedi,3SXlEH01NE35u5kZ74jEAd,https://open.spotify.com/artist/3SXlEH01NE35u5kZ74jEAd,IN
Azaad 4L,1ldpy9FewJ95Fk8xniyxU6,https://open.spotify.com/artist/1ldpy9FewJ95Fk8xniyxU6,IN
Azad Varadaraj,13dhYVMUqWpsNmo9Xlv8ZV,https://open.spotify.com/artist/13dhYVMUqWpsNmo9Xlv8ZV,IN
Mazaak,01qn9kID2owHtQLAjKnQuz,https://open.spotify.com/artist/01qn9kID2owHtQLAjKnQuz,IN
Azeem Shirazi,09pOWiheDJ64OnXW62EhvI,https://open.spotify.com/artist/09pOWiheDJ64OnXW62EhvI,IN
Azaad Singh,5uc1quUQ38DhXhBaIIQ2hi,https://open.spotify.com/artist/5uc1quUQ38DhXhBaIIQ2hi,IN
Shakeel Azmi,3KxvVvRRJE9ZYb3HbOGJSl,https://open.spotify.com/artist/3KxvVvRRJE9ZYb3HbOGJSl,IN
Azaam,32dn3J5zXCntdXMWlokZNQ,https://open.spotify.com/artist/32dn3J5zXCntdXMWlokZNQ,IN
Azad Parinda,3J4CtmNntUCHIpCPlCmR9d,https://open.spotify.com/artist/3J4CtmNntUCHIpCPlCmR9d,IN
Azmal Shah,5UaULRYcG5MWcihEpatCV8,https://open.spotify.com/artist/5UaULRYcG5MWcihEpatCV8,IN
Jani Sharma,6EpR88S7SjTtYNnZ4xCd4d,https://open.spotify.com/artist/6EpR88S7SjTtYNnZ4xCd4d,IN
Azmat Raza Bhagalpuri,3S2g9JdsnjQE5HqytiSo5S,https://open.spotify.com/artist/3S2g9JdsnjQE5HqytiSo5S,IN
Azaam,2S9pHWqSvWJ8nA9m5EPV7l,https://open.spotify.com/artist/2S9pHWqSvWJ8nA9m5EPV7l,IN
Aazad Singh,1OzJlgHfYJDmDouv32AbXN,https://open.spotify.com/artist/1OzJlgHfYJDmDouv32AbXN,IN
WEROMIX MUSIC,7JpFUjd9t0f7VNk7BY2ug8,https://open.spotify.com/artist/7JpFUjd9t0f7VNk7BY2ug8,IN
Sidd Music,3X9aS70kCjNtdKKrCaDBxQ,https://open.spotify.com/artist/3X9aS70kCjNtdKKrCaDBxQ,IN
Guddi Gilahari,3TD8G7Yp0E2HprzlcD8gQ7,https://open.spotify.com/artist/3TD8G7Yp0E2HprzlcD8gQ7,IN
Qaafi,6uXaP5VByMuoSMlgaOJq5y,https://open.spotify.com/artist/6uXaP5VByMuoSMlgaOJq5y,IN
Gully Gang,1jTl6LZzpt7laiJLWuk1vc,https://open.spotify.com/artist/1jTl6LZzpt7laiJLWuk1vc,IN
MC STAN,5uemEEtB1ZC3s1KM7gReeH,https://open.spotify.com/artist/5uemEEtB1ZC3s1KM7gReeH,IN
MC Altaf,1oMKeiHXRkg7tNqwhaS3fu,https://open.spotify.com/artist/1oMKeiHXRkg7tNqwhaS3fu,IN
Gully Gangland,0kD2UIH3n2GEQ1U2LQY6aS,https://open.spotify.com/artist/0kD2UIH3n2GEQ1U2LQY6aS,IN
Gully Gang Alumni,1Tql3TRUo8vzuG0nc82PVV,https://open.spotify.com/artist/1Tql3TRUo8vzuG0nc82PVV,IN
Ikky,3nqS8jzqmsPKFJTp0BOIel,https://open.spotify.com/artist/3nqS8jzqmsPKFJTp0BOIel,IN
Ikka,07iEy1AecUPVzfC2J2gCHR,https://open.spotify.com/artist/07iEy1AecUPVzfC2J2gCHR,IN
Gage Gully,6AQJQwybpIlfvLzWfvbRPO,https://open.spotify.com/artist/6AQJQwybpIlfvLzWfvbRPO,IN
Naezy,2oeTqp8DgAmtnP2WGc1OS2,https://open.spotify.com/artist/2oeTqp8DgAmtnP2WGc1OS2,IN
Lash curry,5EXPLxIaBJwaXPW5FovTOx,https://open.spotify.com/artist/5EXPLxIaBJwaXPW5FovTOx,IN
ISHH,6QQsEqBC1lD3g2iMHIb8F8,https://open.spotify.com/artist/6QQsEqBC1lD3g2iMHIb8F8,IN
Rawal,3XbsFoxsYfrJyo9VZrbM16,https://open.spotify.com/artist/3XbsFoxsYfrJyo9VZrbM16,IN
Bandzo3rd,1DnUEMDVBtdwVBPAok8Ws7,https://open.spotify.com/artist/1DnUEMDVBtdwVBPAok8Ws7,IN
Year Down,4vIfkn8fo2rtRIBJi9fdku,https://open.spotify.com/artist/4vIfkn8fo2rtRIBJi9fdku,IN
Wamp,6zpUQnCceOC1hkBQWLrZKk,https://open.spotify.com/artist/6zpUQnCceOC1hkBQWLrZKk,IN
Bharg,5mUENA9ewpJd5z9KuwOKrd,https://open.spotify.com/artist/5mUENA9ewpJd5z9KuwOKrd,IN
A.O.D.,3dQqKPsJgPw8xesDAv86ft,https://open.spotify.com/artist/3dQqKPsJgPw8xesDAv86ft,IN
Angad Virk,5rfeGbPb9yN5NcjSmBAhCg,https://open.spotify.com/artist/5rfeGbPb9yN5NcjSmBAhCg,IN
The Divine Rapper,14ZL94fL40GMWgmO2NkfMn,https://open.spotify.com/artist/14ZL94fL40GMWgmO2NkfMn,IN
Raftaar,5UdFr0GeO7jKIaNIJgwB36,https://open.spotify.com/artist/5UdFr0GeO7jKIaNIJgwB36,IN
The Divine Rapper,54BcyDEPCyWLB4i4O9tFKJ,https://open.spotify.com/artist/54BcyDEPCyWLB4i4O9tFKJ,IN
Paradox,3fWcIRZlzhMl2YNACMvHui,https://open.spotify.com/artist/3fWcIRZlzhMl2YNACMvHui,IN
DEVEL,3PwWlpSj4atGJT4ejghltw,https://open.spotify.com/artist/3PwWlpSj4atGJT4ejghltw,IN
Dino James,45PG2L6Fh2XvYL4ONzpdoW,https://open.spotify.com/artist/45PG2L6Fh2XvYL4ONzpdoW,IN
DeeVoy Singh,6rqUjhPwrJRTjpPFCcB2xr,https://open.spotify.com/artist/6rqUjhPwrJRTjpPFCcB2xr,IN
DRV,0PJdf4ZWQLaf8LwQBDbqUL,https://open.spotify.com/artist/0PJdf4ZWQLaf8LwQBDbqUL,IN
Abby Viral,4gkEKQxzYalurjLlKyEXha,https://open.spotify.com/artist/4gkEKQxzYalurjLlKyEXha,IN
the shloka,6oo6QIEtGBm3SGMogP5YAl,https://open.spotify.com/artist/6oo6QIEtGBm3SGMogP5YAl,IN
Siyaahi,3psXqmICFFh7nmcmaj5KPb,https://open.spotify.com/artist/3psXqmICFFh7nmcmaj5KPb,IN
Dhanji,1OVeQPd27s1MkICbzBfZTV,https://open.spotify.com/artist/1OVeQPd27s1MkICbzBfZTV,IN
Bhaskar,6WlM9OTz4gFXoyU0QYgs9F,https://open.spotify.com/artist/6WlM9OTz4gFXoyU0QYgs9F,IN
Smokey,0pjOlblZPSB8G5SC0kduPW,https://open.spotify.com/artist/0pjOlblZPSB8G5SC0kduPW,IN
Fatboi Raccoon,3jZDhH5RtA8K1L61tvUdl4,https://open.spotify.com/artist/3jZDhH5RtA8K1L61tvUdl4,IN
Lil Bhavi,1IbSPJLkIqkDmIoyysS3Vn,https://open.spotify.com/artist/1IbSPJLkIqkDmIoyysS3Vn,IN
Raftaar Bal,45vPTXyLYTR2wHQewuTWpv,https://open.spotify.com/artist/45vPTXyLYTR2wHQewuTWpv,IN
Raftaar Kaur,2UQi2wPcfN701zmZxocXJM,https://open.spotify.com/artist/2UQi2wPcfN701zmZxocXJM,IN
Raftaar Sandhu,4Pd9UvmCTtq55Bf0XExFmJ,https://open.spotify.com/artist/4Pd9UvmCTtq55Bf0XExFmJ,IN
Raftaar Choudhary,3Pvb7htfaqSjWQUeNCXOnT,https://open.spotify.com/artist/3Pvb7htfaqSjWQUeNCXOnT,IN
Raffey Anwar,7rEwKApsZMo8cXVxAndmvD,https://open.spotify.com/artist/7rEwKApsZMo8cXVxAndmvD,IN
EN RAFTAAR,7u9TtARJhcepkrSXNi4DA7,https://open.spotify.com/artist/7u9TtARJhcepkrSXNi4DA7,IN
Raju Raftaar,5coBIqbrYpmP5kFgn07DSa,https://open.spotify.com/artist/5coBIqbrYpmP5kFgn07DSa,IN
Ajit Raftaar,5SK3XpdljmX1gBPHStOX0K,https://open.spotify.com/artist/5SK3XpdljmX1gBPHStOX0K,IN
PAUL RAFTAAR,0x9FYbiqTwnBQ8UAdmIG7o,https://open.spotify.com/artist/0x9FYbiqTwnBQ8UAdmIG7o,IN
Rupesh Raftaar,4UzWSfFl8IHdsUe2GRucjB,https://open.spotify.com/artist/4UzWSfFl8IHdsUe2GRucjB,IN
Pradeep Raftaar,0eEq9YGuNx2ENgcIiyLkQI,https://open.spotify.com/artist/0eEq9YGuNx2ENgcIiyLkQI,IN
Sickboi,2RSjOH1tYnTgkpkz81WICb,https://open.spotify.com/artist/2RSjOH1tYnTgkpkz81WICb,IN
Nanku,1ZBspcSxfWh6GuxjGr5u0p,https://open.spotify.com/artist/1ZBspcSxfWh6GuxjGr5u0p,IN
ABS,5OJe1t1DneOcuFJYx97MDH,https://open.spotify.com/artist/5OJe1t1DneOcuFJYx97MDH,IN
Guru Randhawa,5rQoBDKFnd1n6BkdbgVaRL,https://open.spotify.com/artist/5rQoBDKFnd1n6BkdbgVaRL,IN
Yo Yo Honey Singh,7uIbLdzzSEqnX0Pkrb56cR,https://open.spotify.com/artist/7uIbLdzzSEqnX0Pkrb56cR,IN
"Badshah,Uchana Amit",6XFdJvhd2eFrJoHeCiPHI5,https://open.spotify.com/artist/6XFdJvhd2eFrJoHeCiPHI5,IN
"Honey , Badshah",6tPfY0BVy3FrmRuhLDs2YQ,https://open.spotify.com/artist/6tPfY0BVy3FrmRuhLDs2YQ,IN
Vicky Badshah,3mWX091hhBTxSSaI87WXX5,https://open.spotify.com/artist/3mWX091hhBTxSSaI87WXX5,IN
Parmish Verma,3OQRPFFS3OsltFjFAXu1kE,https://open.spotify.com/artist/3OQRPFFS3OsltFjFAXu1kE,IN
Kaka,1Oh5bPXjw5jreVFhKc4jux,https://open.spotify.com/artist/1Oh5bPXjw5jreVFhKc4jux,IN
Alfaaz,1xHIVVHhwnuYe0uCAip33C,https://open.spotify.com/artist/1xHIVVHhwnuYe0uCAip33C,IN
Badshahpuria,3T1uXPs3lQ0oPZw12AIH8G,https://open.spotify.com/artist/3T1uXPs3lQ0oPZw12AIH8G,IN
Badshah Khan,4gvWwgnBuWPNMnp1ux3dIl,https://open.spotify.com/artist/4gvWwgnBuWPNMnp1ux3dIl,IN
Sultaan,7frYUe4C7A42uZqCzD34Y4,https://open.spotify.com/artist/7frYUe4C7A42uZqCzD34Y4,IN
Kay D,7xThNFckeyb6roLYdLmyEm,https://open.spotify.com/artist/7xThNFckeyb6roLYdLmyEm,IN
badshah ansari,2MYK9mmp5xTCzxYI81Lf0M,https://open.spotify.com/artist/2MYK9mmp5xTCzxYI81Lf0M,IN
Badshah Patel,1NwrzBqRqlOhu7TrFOKZ33,https://open.spotify.com/artist/1NwrzBqRqlOhu7TrFOKZ33,IN
Badshah Boy & Angel,4vKtXWpDZS4KuWK4eqhXqB,https://open.spotify.com/artist/4vKtXWpDZS4KuWK4eqhXqB,IN
Arjan Dhillon,64DvMieEUCdrYKmEIhDt8G,https://open.spotify.com/artist/64DvMieEUCdrYKmEIhDt8G,IN
AP Dhillon,2MHx9TjDgUMT39dP6aogFt,https://open.spotify.com/artist/2MHx9TjDgUMT39dP6aogFt,IN
Gurnam Bhullar,45LSiycLy1JsWUMObvPvpX,https://open.spotify.com/artist/45LSiycLy1JsWUMObvPvpX,IN
Jassie Gill,3xZnxcyeC0vVaJvEA9VqrA,https://open.spotify.com/artist/3xZnxcyeC0vVaJvEA9VqrA,IN
Akhil,6zZrFenNe3YPttxZsnQQs1,https://open.spotify.com/artist/6zZrFenNe3YPttxZsnQQs1,IN
Raj Ranjodh,183DgO92lAqgpVVNKI7ZKF,https://open.spotify.com/artist/183DgO92lAqgpVVNKI7ZKF,IN
Bir,3R1penrqtuKNTeWABjKT5N,https://open.spotify.com/artist/3R1penrqtuKNTeWABjKT5N,IN
Gurjit Gill,6LGVfT3wTKqzhx9RGvSvUd,https://open.spotify.com/artist/6LGVfT3wTKqzhx9RGvSvUd,IN
Farmaan SMG,3yXzSYXBOTZ0m1QAfjlzKK,https://open.spotify.com/artist/3yXzSYXBOTZ0m1QAfjlzKK,IN
Hammy Muzic,7zzosAlsXxJJ5vXPymZZAj,https://open.spotify.com/artist/7zzosAlsXxJJ5vXPymZZAj,IN
Atif Aslam,2oSONSC9zQ4UonDKnLqksx,https://open.spotify.com/artist/2oSONSC9zQ4UonDKnLqksx,IN
Arijit Singh,11P6oIAn8olEk5FJSbhAUy,https://open.spotify.com/artist/11P6oIAn8olEk5FJSbhAUy,IN
Arijit Singh,6zrQkGA8EvD1Y4z35lIc2e,https://open.spotify.com/artist/6zrQkGA8EvD1Y4z35lIc2e,IN
Arijit sinGH,4b7eynG7cIWCQCukThfBf1,https://open.spotify.com/artist/4b7eynG7cIWCQCukThfBf1,IN
"Hariharan, Swarnalatha, Kumar Sanu, Sapna Mukherjee, Lata Mangeshkar, Aamir Khan, Alka Yagnik, Arijit Singh, Atif Aslam, Shreya Ghoshal, Udit Narayan, Sadhana Sargam, Anuradha Sriram, Sujatha, Sonu Nigam, A. R. Rahman & Sukhwinder Singh",2b84vRVbe4QTox0pMqAC6W,https://open.spotify.com/artist/2b84vRVbe4QTox0pMqAC6W,IN
Himesh Reshammiya,0sSxphmGskGCKlwB9xa6WU,https://open.spotify.com/artist/0sSxphmGskGCKlwB9xa6WU,IN
Ankit Tiwari,0E02VcvA5p1ndkLdqWD5JB,https://open.spotify.com/artist/0E02VcvA5p1ndkLdqWD5JB,IN
Pritam Bhartwan,4eW7jcSM5AnWU8b3hJgn53,https://open.spotify.com/artist/4eW7jcSM5AnWU8b3hJgn53,IN
Preetam Bhartwan,27MPmVPYPtrqiLuLMN4Zz2,https://open.spotify.com/artist/27MPmVPYPtrqiLuLMN4Zz2,IN
Kumar Pritam,53YTYlJBnAWfjwHYeZ88JX,https://open.spotify.com/artist/53YTYlJBnAWfjwHYeZ88JX,IN
Pritam Kumar,0jUZd5ZmgwUX21h4QrM8Y5,https://open.spotify.com/artist/0jUZd5ZmgwUX21h4QrM8Y5,IN
Pritam Shukla,2X5y2yP4BNyS1hTtRYloge,https://open.spotify.com/artist/2X5y2yP4BNyS1hTtRYloge,IN
Jubin Nautiyal,1tqysapcCh1lWEAc9dIFpa,https://open.spotify.com/artist/1tqysapcCh1lWEAc9dIFpa,IN
Shaan,5cB4d4jPYjMT326sjihQ4m,https://open.spotify.com/artist/5cB4d4jPYjMT326sjihQ4m,IN
Darshan Raval,2GoeZ0qOTt6kjsWW4eA6LS,https://open.spotify.com/artist/2GoeZ0qOTt6kjsWW4eA6LS,IN
Pritam Bavdekar,6jqTTglk0zlc428yTJeQOm,https://open.spotify.com/artist/6jqTTglk0zlc428yTJeQOm,IN
Pritam Prayag Yadav,2VE0ODHXaAG3hAGWmXyIbf,https://open.spotify.com/artist/2VE0ODHXaAG3hAGWmXyIbf,IN
Pritam,3qzETlSi10SrKEnzIdsk7H,https://open.spotify.com/artist/3qzETlSi10SrKEnzIdsk7H,IN
Pritam,4U1MRF4l7h57yH9HYVpxCW,https://open.spotify.com/artist/4U1MRF4l7h57yH9HYVpxCW,IN
Pritam,3355v9Aom6Uw71tpw69TaC,https://open.spotify.com/artist/3355v9Aom6Uw71tpw69TaC,IN
Pritam,1PJz3MrCfsc58wbiQp6viS,https://open.spotify.com/artist/1PJz3MrCfsc58wbiQp6viS,IN
Harris Jayaraj,29aw5YCdIw2FEXYyAJZI8l,https://open.spotify.com/artist/29aw5YCdIw2FEXYyAJZI8l,IN
Arifur Rahman Jony,3LP57UnVwGTKQxfXoIpM8q,https://open.spotify.com/artist/3LP57UnVwGTKQxfXoIpM8q,IN
A. R. Ramani Ammal,27UbaOukhI1LIhfi8m4YUi,https://open.spotify.com/artist/27UbaOukhI1LIhfi8m4YUi,IN
Arshad M Rahman,2y6tyzgHfedhFCVDr79f2L,https://open.spotify.com/artist/2y6tyzgHfedhFCVDr79f2L,IN
Abdulrahman Mohammed,1sWV2X7SzXd06hEO2EttHl,https://open.spotify.com/artist/1sWV2X7SzXd06hEO2EttHl,IN
Abdelrahman Roshdy,4uKgnZbfQdntYvL9j9hzeK,https://open.spotify.com/artist/4uKgnZbfQdntYvL9j9hzeK,IN
Dhanush,2F3KtUVtrt2GLjcl6pB4cz,https://open.spotify.com/artist/2F3KtUVtrt2GLjcl6pB4cz,IN
Arifur Rahman,7aGA3z99CPe6cL7SqZi4SB,https://open.spotify.com/artist/7aGA3z99CPe6cL7SqZi4SB,IN
Ariful Rahman Jony,3ILTvAPeThtbfTtN4zGimZ,https://open.spotify.com/artist/3ILTvAPeThtbfTtN4zGimZ,IN
Arman Rahman Prottoy,0MWfVL5LrRbry5OjqHh77E,https://open.spotify.com/artist/0MWfVL5LrRbry5OjqHh77E,IN
Arifur Rahman Tanim,3jkJB4Gljl8nbZIKcFxNoT,https://open.spotify.com/artist/3jkJB4Gljl8nbZIKcFxNoT,IN
Rahman Ariya,0UaYwT1l3fwTaVdBh0JIcy,https://open.spotify.com/artist/0UaYwT1l3fwTaVdBh0JIcy,IN
Vishal-Shekhar,6Mv8GjQa7LKUGCAqa9qqdb,https://open.spotify.com/artist/6Mv8GjQa7LKUGCAqa9qqdb,IN
"Shankar-Ehsaan-Loy, Rahat Fateh Ali Khan, Mahalaxmi Iyer, Gulzar",7fwCp1fdbfaOQK7zOQrxyv,https://open.spotify.com/artist/7fwCp1fdbfaOQK7zOQrxyv,IN
"Shankar-Ehsaan-Loy, Nihira Joshi Deshpande, Gulzar",7CCXPK7SfSipbVWrz85q21,https://open.spotify.com/artist/7CCXPK7SfSipbVWrz85q21,IN
"Shankar-Ehsaan-Loy,KK,Sukhvinder Singh,Gulzar",17Ipy6YXOoUX3GjVIkhp5v,https://open.spotify.com/artist/17Ipy6YXOoUX3GjVIkhp5v,IN
"Shankar-Ehsaan-Loy, Anusha Mani, Prasoon Joshi",5xwYF2Qa8NxwmaT29vkh4U,https://open.spotify.com/artist/5xwYF2Qa8NxwmaT29vkh4U,IN
Shekhar Ravjiani,4xd7mLI7urqrxELaXhAvzw,https://open.spotify.com/artist/4xd7mLI7urqrxELaXhAvzw,IN
Sadhana Sargam,1HGMG8RHvcu1mfdM9MeTek,https://open.spotify.com/artist/1HGMG8RHvcu1mfdM9MeTek,IN
Shashank,37yERfVx2mLLJAVigQekAN,https://open.spotify.com/artist/37yERfVx2mLLJAVigQekAN,IN
Usha Uthup,63gvl4egwBtz2czz3aENGa,https://open.spotify.com/artist/63gvl4egwBtz2czz3aENGa,IN
Rashid Khan,1cw8NspBF8JctQm5rpn3pv,https://open.spotify.com/artist/1cw8NspBF8JctQm5rpn3pv,IN
Monty Sharma,554yyXUEFseU1dwvisHTik,https://open.spotify.com/artist/554yyXUEFseU1dwvisHTik,IN
Rakshita Suresh,76Z6SMQPibr8qI24AhdvbJ,https://open.spotify.com/artist/76Z6SMQPibr8qI24AhdvbJ,IN
Prateek Kuhad,0tC995Rfn9k2l7nqgCZsV7,https://open.spotify.com/artist/0tC995Rfn9k2l7nqgCZsV7,IN
Anuv Jain,4gdMJYnopf2nEUcanAwstx,https://open.spotify.com/artist/4gdMJYnopf2nEUcanAwstx,IN
The Local Train,7b6Ui7JVaBDEfZB9k6nHL0,https://open.spotify.com/artist/7b6Ui7JVaBDEfZB9k6nHL0,IN
Osho Jain,41Sw7HsskHGbJOJXhLUTEK,https://open.spotify.com/artist/41Sw7HsskHGbJOJXhLUTEK,IN
When Chai Met Toast,04hYGGSjYtLekuuJXEGrIl,https://open.spotify.com/artist/04hYGGSjYtLekuuJXEGrIl,IN
Taba Chake,6AnOY77z51J14nEUVsFKTy,https://open.spotify.com/artist/6AnOY77z51J14nEUVsFKTy,IN
Prateek Kuhad,2sVFMvrEkYPyx9qsDwUpjM,https://open.spotify.com/artist/2sVFMvrEkYPyx9qsDwUpjM,IN
Ritviz,72beYOeW2sb2yfcS4JsRvb,https://open.spotify.com/artist/72beYOeW2sb2yfcS4JsRvb,IN
Zaeden,5lMNphVhMLvhFmTWiKiLA2,https://open.spotify.com/artist/5lMNphVhMLvhFmTWiKiLA2,IN
Bhoomi,0gMaH5l7qBDky1LyM6ELYS,https://open.spotify.com/artist/0gMaH5l7qBDky1LyM6ELYS,IN
Aditya Bhardwaj,4LZrB16vINsCHc28cE6oQo,https://open.spotify.com/artist/4LZrB16vINsCHc28cE6oQo,IN
JUNO,0uwbmn6SWX4kujbrDTnjaj,https://open.spotify.com/artist/0uwbmn6SWX4kujbrDTnjaj,IN
Iqlipse Nova,5tVEtYVMATyQ6OVOetuZlk,https://open.spotify.com/artist/5tVEtYVMATyQ6OVOetuZlk,IN
Palash Muchhal,33YZ8dADtqLFO3Ku60tGVS,https://open.spotify.com/artist/33YZ8dADtqLFO3Ku60tGVS,IN
Sharib Sabri,5zMchxiISSC2VHM0Uwp1UR,https://open.spotify.com/artist/5zMchxiISSC2VHM0Uwp1UR,IN
Siddhant Kaushal,18Y28RRuXPliKAa253retJ,https://open.spotify.com/artist/18Y28RRuXPliKAa253retJ,IN
Mitraz,3iGhlvzpXc0UHBQ7klAItX,https://open.spotify.com/artist/3iGhlvzpXc0UHBQ7klAItX,IN
Ritvik Muralidhar,6WCsxUetmUxK3BinjpKIDH,https://open.spotify.com/artist/6WCsxUetmUxK3BinjpKIDH,IN
Ritviz,55Q8g8FXdfzlF68QHWv6oV,https://open.spotify.com/artist/55Q8g8FXdfzlF68QHWv6oV,IN
Ritvik,1IUyeGg42ghHKlt6BzTzjz,https://open.spotify.com/artist/1IUyeGg42ghHKlt6BzTzjz,IN
Rashid Ali,281Vp9LDrWkHMHQzfQHWCt,https://open.spotify.com/artist/281Vp9LDrWkHMHQzfQHWCt,IN
Ranveer Singh,0lMa3YTHqQnDDTBaxAV7LK,https://open.spotify.com/artist/0lMa3YTHqQnDDTBaxAV7LK,IN
Ashish Bhatia,2msR4dHmBiBa99uLmuqFFk,https://open.spotify.com/artist/2msR4dHmBiBa99uLmuqFFk,IN
Circle Tone,5FLdl3TGJp0xXgUSimW2yQ,https://open.spotify.com/artist/5FLdl3TGJp0xXgUSimW2yQ,IN
Hunny,3VkiCR2nuvfucpvFXdSVtx,https://open.spotify.com/artist/3VkiCR2nuvfucpvFXdSVtx,IN
Adil,3iTfVWPV4ur3XkrBwz41VZ,https://open.spotify.com/artist/3iTfVWPV4ur3XkrBwz41VZ,IN
Meet Bros.,0qpsFfOT3SmdGmnyV6rOhS,https://open.spotify.com/artist/0qpsFfOT3SmdGmnyV6rOhS,IN
Meet Bros Anjjan,5isfxZ3RSdBlSLn3cSFhnI,https://open.spotify.com/artist/5isfxZ3RSdBlSLn3cSFhnI,IN
Bombay Vikings,0IOJyZSSqmto4oze5nSCo0,https://open.spotify.com/artist/0IOJyZSSqmto4oze5nSCo0,IN
Chayan,7unUdPbyPyy71g6WeD0M4U,https://open.spotify.com/artist/7unUdPbyPyy71g6WeD0M4U,IN
Penn Masala,2MhJb1ljKttJewuYZTpXxr,https://open.spotify.com/artist/2MhJb1ljKttJewuYZTpXxr,IN
gini,2sjFmfxifbUo2A25xuQOp0,https://open.spotify.com/artist/2sjFmfxifbUo2A25xuQOp0,IN
The Local Train,6S4iRuMwCPMof5u4JzuFRl,https://open.spotify.com/artist/6S4iRuMwCPMof5u4JzuFRl,IN
Last Minute India,6yi4BexeHDzQeuiDzXqTcg,https://open.spotify.com/artist/6yi4BexeHDzQeuiDzXqTcg,IN
The Local Music Train,2PcSYzDYmqHNBokYjbT98l,https://open.spotify.com/artist/2PcSYzDYmqHNBokYjbT98l,IN
Rauhan Malik,22UtphG4LcwxlhhV0aP4js,https://open.spotify.com/artist/22UtphG4LcwxlhhV0aP4js,IN
Indian Ocean,0Xbdgzdm7k9BJ5gUgmAkpy,https://open.spotify.com/artist/0Xbdgzdm7k9BJ5gUgmAkpy,IN
Suzonn,3xZ9z6k4Suc2O8cAiwMt7h,https://open.spotify.com/artist/3xZ9z6k4Suc2O8cAiwMt7h,IN
Fossils,3sLXzn7CKmzQ3r2pnYfzAo,https://open.spotify.com/artist/3sLXzn7CKmzQ3r2pnYfzAo,IN
JAI DHIR,6T9VTdP8GxXoedKTls26pP,https://open.spotify.com/artist/6T9VTdP8GxXoedKTls26pP,IN
Denny,6KozIqto3bkoQp4lksicOA,https://open.spotify.com/artist/6KozIqto3bkoQp4lksicOA,IN
Mohan Kannan,0iqFHwswV50GDerCAjulem,https://open.spotify.com/artist/0iqFHwswV50GDerCAjulem,IN
Talha Anjum,69xcFpmqTOmFNOL08Bxyci,https://open.spotify.com/artist/69xcFpmqTOmFNOL08Bxyci,IN
Seedhe Maut,1gu7mWizxrWTLCWNKpKA6R,https://open.spotify.com/artist/1gu7mWizxrWTLCWNKpKA6R,IN
Seedhe Maut,0EkQIDTSamatciUTwiUZSD,https://open.spotify.com/artist/0EkQIDTSamatciUTwiUZSD,IN
Seedhe Maut,54KrfU1rSAqUYO1VI98ym8,https://open.spotify.com/artist/54KrfU1rSAqUYO1VI98ym8,IN
Prabh Deep x Seedhe Maut x Sez on the Beat,0PM6zJEyIj3ASBBjJEtDnl,https://open.spotify.com/artist/0PM6zJEyIj3ASBBjJEtDnl,IN
OG Lucifer,4JZ2uZ41sx2hqx7TcwM18g,https://open.spotify.com/artist/4JZ2uZ41sx2hqx7TcwM18g,IN
Young Stunners,01PyusFVbXgoD5Kl1mR8CC,https://open.spotify.com/artist/01PyusFVbXgoD5Kl1mR8CC,IN
UNIYAL,0EdBUkJHdLP4GGx3EN8AH0,https://open.spotify.com/artist/0EdBUkJHdLP4GGx3EN8AH0,IN
Loka,0AK5uxL2fY52xEoj1bBySu,https://open.spotify.com/artist/0AK5uxL2fY52xEoj1bBySu,IN
Lambo Drive,0ECy3INAe1k7665cRLCT0Y,https://open.spotify.com/artist/0ECy3INAe1k7665cRLCT0Y,IN
Kaprila,0EQ7TTs23yrdYKA2S588kt,https://open.spotify.com/artist/0EQ7TTs23yrdYKA2S588kt,IN
Sifr,6E63egfod0sEqODbbrPvvS,https://open.spotify.com/artist/6E63egfod0sEqODbbrPvvS,IN
Prabh Deep,7suHsCqUEifucqVyWaljgC,https://open.spotify.com/artist/7suHsCqUEifucqVyWaljgC,IN
Prabh Gill,4F5ZNBJDep3GTrMip2tpI4,https://open.spotify.com/artist/4F5ZNBJDep3GTrMip2tpI4,IN
Prabh Singh,0VAIiNSKG4DWkSaIy5qWz1,https://open.spotify.com/artist/0VAIiNSKG4DWkSaIy5qWz1,IN
Pran Deep,22edyCj4GZFZVoB5OMjN0y,https://open.spotify.com/artist/22edyCj4GZFZVoB5OMjN0y,IN
Prabh Near,3VjLqwhvKM2MtGiKHox38B,https://open.spotify.com/artist/3VjLqwhvKM2MtGiKHox38B,IN
Deep Prabhu,3BBds5y576OyyCAyCMRQVA,https://open.spotify.com/artist/3BBds5y576OyyCAyCMRQVA,IN
Deep Prabhu,14yf3IIsIpZaUHQwJvEQ4M,https://open.spotify.com/artist/14yf3IIsIpZaUHQwJvEQ4M,IN
Prabhjee Kaur,4eCQSJiqQytxz4IJx0I7Bt,https://open.spotify.com/artist/4eCQSJiqQytxz4IJx0I7Bt,IN
Big Boi Deep,22xy6sNTr6YjtsoV9Mh6S6,https://open.spotify.com/artist/22xy6sNTr6YjtsoV9Mh6S6,IN
Prabh Sian,3E7JOojnCprA702CWVINfb,https://open.spotify.com/artist/3E7JOojnCprA702CWVINfb,IN
Deepty,6V0gxfUlhg6fOcQGEhcpel,https://open.spotify.com/artist/6V0gxfUlhg6fOcQGEhcpel,IN
Prabhjot Singh,3UFVnXtJwuHkR4wDryvGMt,https://open.spotify.com/artist/3UFVnXtJwuHkR4wDryvGMt,IN
Param Singh,5VcLs7XsTFlhhaW3I4i4gC,https://open.spotify.com/artist/5VcLs7XsTFlhhaW3I4i4gC,IN
Harsh Nussi,3i0OAds0OcYLQl3uuJsaKy,https://open.spotify.com/artist/3i0OAds0OcYLQl3uuJsaKy,IN
Arsh Heer,0IMB9ZqS18okmvGMGYzl45,https://open.spotify.com/artist/0IMB9ZqS18okmvGMGYzl45,IN
Rooh Sandhu,54E3dYx7RpaGZaDVXJTWjr,https://open.spotify.com/artist/54E3dYx7RpaGZaDVXJTWjr,IN
Mista Baaz,4WfXu0xIHhthU5Jb5x3hRq,https://open.spotify.com/artist/4WfXu0xIHhthU5Jb5x3hRq,IN
DJ Snake,540vIaP2JwjQb9dm3aArA4,https://open.spotify.com/artist/540vIaP2JwjQb9dm3aArA4,IN
Skrillex,5he5w2lnU9x7JFhnwcekXX,https://open.spotify.com/artist/5he5w2lnU9x7JFhnwcekXX,IN
Nuclear Assault,2iu7W76DMacXn6hzAqmJJU,https://open.spotify.com/artist/2iu7W76DMacXn6hzAqmJJU,IN
Pinguini Tattici Nucleari,6RdcIWVKYYzNzjQRd3oyHS,https://open.spotify.com/artist/6RdcIWVKYYzNzjQRd3oyHS,IN
Nuclear Cowboy,1hKcLAi8QwNtEIyvpUFDkC,https://open.spotify.com/artist/1hKcLAi8QwNtEIyvpUFDkC,IN
Nuclear Winter,11ARBwvOdGrYkK4ynNd6yJ,https://open.spotify.com/artist/11ARBwvOdGrYkK4ynNd6yJ,IN
Nuclear Death,0JnKO5sTq7Xea6RkzCTsI5,https://open.spotify.com/artist/0JnKO5sTq7Xea6RkzCTsI5,IN
Nuclear Vomit,7rqQmdKYu3P01i57s3ANIu,https://open.spotify.com/artist/7rqQmdKYu3P01i57s3ANIu,IN
Nuclear,0W3RiOusCIciOJg0C3OaTC,https://open.spotify.com/artist/0W3RiOusCIciOJg0C3OaTC,IN
Panther,1HnV8VaGdip3y1SpJPgft0,https://open.spotify.com/artist/1HnV8VaGdip3y1SpJPgft0,IN
Bob,69TcMkhvenAeokIhBGIUCQ,https://open.spotify.com/artist/69TcMkhvenAeokIhBGIUCQ,IN
Fissão Nuclear,0MzDyyftf5VcQW41pSUKGQ,https://open.spotify.com/artist/0MzDyyftf5VcQW41pSUKGQ,IN
Skrat,6iVSk68tfKrBKB3yQ5cfPx,https://open.spotify.com/artist/6iVSk68tfKrBKB3yQ5cfPx,IN
skratpakk,00NkEMCnkQQfe8zUr30HUw,https://open.spotify.com/artist/00NkEMCnkQQfe8zUr30HUw,IN
Skrat,2gfgrBNCwFYWosikuBn8a0,https://open.spotify.com/artist/2gfgrBNCwFYWosikuBn8a0,IN
Skratcha,6co0gxParx9FQtnNALZVIH,https://open.spotify.com/artist/6co0gxParx9FQtnNALZVIH,IN
Skratch Bastid,5AVKdaCS36aH1947EP7p2f,https://open.spotify.com/artist/5AVKdaCS36aH1947EP7p2f,IN
Skrapz,67R8l2OLqGwA9V4BKllYQY,https://open.spotify.com/artist/67R8l2OLqGwA9V4BKllYQY,IN
skrt cobain,7rlplvcY6ubrKGdhRJUvuV,https://open.spotify.com/artist/7rlplvcY6ubrKGdhRJUvuV,IN
"Lee ""Scratch"" Perry",1TsG4AumsMt1Tcq2nHpov9,https://open.spotify.com/artist/1TsG4AumsMt1Tcq2nHpov9,IN
Erik Skratch,3z2ZbSladVNu6pdt28cRIW,https://open.spotify.com/artist/3z2ZbSladVNu6pdt28cRIW,IN
Erik Skratch,4YUZH8VQNQMR9GDjtpkigh,https://open.spotify.com/artist/4YUZH8VQNQMR9GDjtpkigh,IN
Skratch,1BU19giRu6pO9AXlT7otev,https://open.spotify.com/artist/1BU19giRu6pO9AXlT7otev,IN
Skrätt,59bDFmu9BABeiJ1rMOWEv1,https://open.spotify.com/artist/59bDFmu9BABeiJ1rMOWEv1,IN
Skrat CNC,3VxvH1mZ2DHw5o6DoWdco1,https://open.spotify.com/artist/3VxvH1mZ2DHw5o6DoWdco1,IN
Skratchmo,6ySKormEqgNYyJmq6b7mVO,https://open.spotify.com/artist/6ySKormEqgNYyJmq6b7mVO,IN
Skrat Misaki,3IlXhOWDGNiaqEMN9Kn2x6,https://open.spotify.com/artist/3IlXhOWDGNiaqEMN9Kn2x6,IN
Skratched Brass,4Omz8CNYZIX8onBE2bnpcn,https://open.spotify.com/artist/4Omz8CNYZIX8onBE2bnpcn,IN
Lil Skrap 1090,58DL2eZUimlqbb6FLJi09d,https://open.spotify.com/artist/58DL2eZUimlqbb6FLJi09d,IN
DJ Erik Skratch,43afcrXZvwDrKorhxwHtGO,https://open.spotify.com/artist/43afcrXZvwDrKorhxwHtGO,IN
Henrik Skram,0XwRIhN4yli0jvIv2XAsFV,https://open.spotify.com/artist/0XwRIhN4yli0jvIv2XAsFV,IN
Skrami Lotha,5DcesuSbc3haLKlNXK1GHE,https://open.spotify.com/artist/5DcesuSbc3haLKlNXK1GHE,IN
nicotine,510jLmCVvca2SrbYTW9KYU,https://open.spotify.com/artist/510jLmCVvca2SrbYTW9KYU,IN
Nicotine Dolls,72gC2IIj21UAPKneFwl4NM,https://open.spotify.com/artist/72gC2IIj21UAPKneFwl4NM,IN
Camila Cabello,4nDoRrQiYLoBzwC5BhVJzF,https://open.spotify.com/artist/4nDoRrQiYLoBzwC5BhVJzF,IN
Arman Alif,6T3LqDmwOOLQkYgsIY6vQN,https://open.spotify.com/artist/6T3LqDmwOOLQkYgsIY6vQN,IN
Nicotine,0tpIaEojsimd2hK4Y3nZIX,https://open.spotify.com/artist/0tpIaEojsimd2hK4Y3nZIX,IN
Nicotine,0p3U0uLx2oSf0yn8i5XZki,https://open.spotify.com/artist/0p3U0uLx2oSf0yn8i5XZki,IN
Nicotine Psalms,1vaRPJe7vD0UBGuHKJPFDL,https://open.spotify.com/artist/1vaRPJe7vD0UBGuHKJPFDL,IN
NDS,5xh6szshoZ0UfZD1x6QzZG,https://open.spotify.com/artist/5xh6szshoZ0UfZD1x6QzZG,IN
NLT,3qNKJvoNvNiROZdwLxTFk3,https://open.spotify.com/artist/3qNKJvoNvNiROZdwLxTFk3,IN
Nicotine Baby,4fxOPZPuwGDojkxN3mBfgq,https://open.spotify.com/artist/4fxOPZPuwGDojkxN3mBfgq,IN
Nicotine Bubblegum,4zG8CEtFQ3AJqtn5G3OaVr,https://open.spotify.com/artist/4zG8CEtFQ3AJqtn5G3OaVr,IN
Nicotine Dream,1ns4l7KL6KVr7ZZ9dHmtTv,https://open.spotify.com/artist/1ns4l7KL6KVr7ZZ9dHmtTv,IN
Nicotine Suck Heads,7tpkNKbKMcQtR21YF60MqQ,https://open.spotify.com/artist/7tpkNKbKMcQtR21YF60MqQ,IN
Nicotinehead,2ja4dEMoCxapthIOccyRD2,https://open.spotify.com/artist/2ja4dEMoCxapthIOccyRD2,IN
Nicotinexluv,4dazKnrHaXELd0zm7GLEv3,https://open.spotify.com/artist/4dazKnrHaXELd0zm7GLEv3,IN
Nico Santos,3A9B6c1CrSPauiOblw7pWz,https://open.spotify.com/artist/3A9B6c1CrSPauiOblw7pWz,IN
Nicholas Bonnin,3nirCcAFDstMworUJd3OfN,https://open.spotify.com/artist/3nirCcAFDstMworUJd3OfN,IN
Nico Collins,1iGwHlKgQKtdrtzmlwZ71U,https://open.spotify.com/artist/1iGwHlKgQKtdrtzmlwZ71U,IN
Nic Dean,1d8y365r9XVmsWDAHLak38,https://open.spotify.com/artist/1d8y365r9XVmsWDAHLak38,IN
Mudhoney,7LuYiSXiWs86rwWJjEEgB9,https://open.spotify.com/artist/7LuYiSXiWs86rwWJjEEgB9,US
PISS,3axFdl5WHfFANvAcDau44c,https://open.spotify.com/artist/3axFdl5WHfFANvAcDau44c,US
Green River,1XIIxzmo6BNRR4QkImSdsX,https://open.spotify.com/artist/1XIIxzmo6BNRR4QkImSdsX,US
Piss,2SSqdhGl60rwmugIzrKKL4,https://open.spotify.com/artist/2SSqdhGl60rwmugIzrKKL4,US
Sub Urban,7gXb99Sf9nNmpNYeAgIQFG,https://open.spotify.com/artist/7gXb99Sf9nNmpNYeAgIQFG,US
Sub-Radio,2lCUVconWp5YjxdYssfZ8J,https://open.spotify.com/artist/2lCUVconWp5YjxdYssfZ8J,US
Subvrbs,0NVy1xEsz4i8pX33Scv75n,https://open.spotify.com/artist/0NVy1xEsz4i8pX33Scv75n,US
Sublahshini,0nh5cRtt03SU6LhzhVC5fv,https://open.spotify.com/artist/0nh5cRtt03SU6LhzhVC5fv,US
The SubOceaners,5JGfWE8Ws1aBP8283nSy8R,https://open.spotify.com/artist/5JGfWE8Ws1aBP8283nSy8R,US
Matador,1UcYY5JDPe05nqjODiVkx1,https://open.spotify.com/artist/1UcYY5JDPe05nqjODiVkx1,US
Khatumu,4UKSvoK7sV3294V39V0pfu,https://open.spotify.com/artist/4UKSvoK7sV3294V39V0pfu,US
Mamba,3EF8QyZyv6cYxCsIrlWdau,https://open.spotify.com/artist/3EF8QyZyv6cYxCsIrlWdau,US
Matador,33qKOLWUlinxZSUnimBarl,https://open.spotify.com/artist/33qKOLWUlinxZSUnimBarl,US
Matador,0mkOml01ubShhJsFDyKdlm,https://open.spotify.com/artist/0mkOml01ubShhJsFDyKdlm,US
Matadoria,16HrBYlg7ETaVKRZ8qVc9B,https://open.spotify.com/artist/16HrBYlg7ETaVKRZ8qVc9B,US
jayo,1kBx4RzRD8An5pUEDBGZQ9,https://open.spotify.com/artist/1kBx4RzRD8An5pUEDBGZQ9,US
The Matadors,0nx8pZ1dNRNlKemSnqa6IX,https://open.spotify.com/artist/0nx8pZ1dNRNlKemSnqa6IX,US
Jessy Matador,7kg2IelllVmw7WcnSFtlXR,https://open.spotify.com/artist/7kg2IelllVmw7WcnSFtlXR,US
Grupo Sonador,2EliUhznUrwHp1yJvhlHQF,https://open.spotify.com/artist/2EliUhznUrwHp1yJvhlHQF,US
Car Seat Headrest,5PbpKlxQE0Ktl5lcNABoFf,https://open.spotify.com/artist/5PbpKlxQE0Ktl5lcNABoFf,US
MerOne Record's,0trXyRdOgeMnAl509ZWMMF,https://open.spotify.com/artist/0trXyRdOgeMnAl509ZWMMF,US
Merge,017WuxWgOk7J8gVQCIaZ9m,https://open.spotify.com/artist/017WuxWgOk7J8gVQCIaZ9m,US
Merge Merchant,2aIgAF5csllKUK8pCksqeW,https://open.spotify.com/artist/2aIgAF5csllKUK8pCksqeW,US
Merger,6ibRf7SDr5Vj50Wny4XCV7,https://open.spotify.com/artist/6ibRf7SDr5Vj50Wny4XCV7,US
Merge Sort,4UPo57FqA3a63Shj4uh532,https://open.spotify.com/artist/4UPo57FqA3a63Shj4uh532,US
Merge!,50CWqdxZEkULFHSNBylnim,https://open.spotify.com/artist/50CWqdxZEkULFHSNBylnim,US
Merge Spiral,6IG4eyFCJTcJlzGb78INJA,https://open.spotify.com/artist/6IG4eyFCJTcJlzGb78INJA,US
Warpaint,3AmgGrYHXqgbmZ2yKoIVzO,https://open.spotify.com/artist/3AmgGrYHXqgbmZ2yKoIVzO,GB
The Warp Zone,4X7MdTGrtZYViAOn7AKNYY,https://open.spotify.com/artist/4X7MdTGrtZYViAOn7AKNYY,GB
Warpfit,2CjyEHYYRoVk57waVAyzsW,https://open.spotify.com/artist/2CjyEHYYRoVk57waVAyzsW,GB
Warp Brothers,1npPQS3PDH4xmOhYxB2L0T,https://open.spotify.com/artist/1npPQS3PDH4xmOhYxB2L0T,GB
WARPSTORMER,27yQQxDQHLFT23OCbsxi4t,https://open.spotify.com/artist/27yQQxDQHLFT23OCbsxi4t,GB
Warp Chamber,5tG11cjFU7s5yuRA8z7yvf,https://open.spotify.com/artist/5tG11cjFU7s5yuRA8z7yvf,GB
Alex Warren,0fTSzq9jAh4c36UVb4V7CB,https://open.spotify.com/artist/0fTSzq9jAh4c36UVb4V7CB,GB
Warren Zeiders,7kplJl06UmldxLKseURAYi,https://open.spotify.com/artist/7kplJl06UmldxLKseURAYi,GB
Wale,67nwj3Y5sZQLl72VNUHEYE,https://open.spotify.com/artist/67nwj3Y5sZQLl72VNUHEYE,GB
Hades66,4CQdcx66F116k2db2Y0rjE,https://open.spotify.com/artist/4CQdcx66F116k2db2Y0rjE,GB
Mr. Scruff,2B0PgHZi2zaDqjKe86Gaip,https://open.spotify.com/artist/2B0PgHZi2zaDqjKe86Gaip,GB
Coldcut,5wnhqlZzXIq8aO9awQO2ND,https://open.spotify.com/artist/5wnhqlZzXIq8aO9awQO2ND,GB
DJ Food,4NZM5xKuDpGc4vEHDwGO1Q,https://open.spotify.com/artist/4NZM5xKuDpGc4vEHDwGO1Q,GB
The Herbaliser,1O7aMVbDeSXY2LiVBhb13w,https://open.spotify.com/artist/1O7aMVbDeSXY2LiVBhb13w,GB
Nina June,1YyIIzRWYsa0kIJpqoSTRZ,https://open.spotify.com/artist/1YyIIzRWYsa0kIJpqoSTRZ,GB
Teenage Mutant Ninja Turtles,22VxLUFi6QDNZ24uB4Qk8d,https://open.spotify.com/artist/22VxLUFi6QDNZ24uB4Qk8d,GB
Ninja Turtles,1fRz0yh9mUKiQzXgfYzzjL,https://open.spotify.com/artist/1fRz0yh9mUKiQzXgfYzzjL,GB
Ninja Sex Party,3jsyANBBy6gOZUSQhiGclx,https://open.spotify.com/artist/3jsyANBBy6gOZUSQhiGclx,GB
Ninjago Music,3R4kry5nNywuMpnKDfBBtA,https://open.spotify.com/artist/3R4kry5nNywuMpnKDfBBtA,GB
SHY FX,5oDtp2FC8VqBjTx1aT4P5j,https://open.spotify.com/artist/5oDtp2FC8VqBjTx1aT4P5j,GB
Domino,31jkjldc2rO3Ko4O6gGAl1,https://open.spotify.com/artist/31jkjldc2rO3Ko4O6gGAl1,GB
Dominic Fike,6USv9qhCn6zfxlBQIYJ9qs,https://open.spotify.com/artist/6USv9qhCn6zfxlBQIYJ9qs,GB
Katy Perry,6jJ0s89eD6GaHleKKya26X,https://open.spotify.com/artist/6jJ0s89eD6GaHleKKya26X,GB
Jessie J,2gsggkzM5R49q6jpPvazou,https://open.spotify.com/artist/2gsggkzM5R49q6jpPvazou,GB
Hidanny!!,0mTJEH5g61lW7u4aKlGG0y,https://open.spotify.com/artist/0mTJEH5g61lW7u4aKlGG0y,GB
Kesha,6LqNN22kT3074XbTVUrhzX,https://open.spotify.com/artist/6LqNN22kT3074XbTVUrhzX,GB
Derek & The Dominos,2rc78XDH9zuJP6bm78lU8Z,https://open.spotify.com/artist/2rc78XDH9zuJP6bm78lU8Z,GB
YUNGBLUD,6Ad91Jof8Niiw0lGLLi3NW,https://open.spotify.com/artist/6Ad91Jof8Niiw0lGLLi3NW,GB
Sonny Fodera,39B7ChWwrWDs7zXlsu3MoP,https://open.spotify.com/artist/39B7ChWwrWDs7zXlsu3MoP,GB
Tinie Tempah,0Tob4H0FLtEONHU1MjpUEp,https://open.spotify.com/artist/0Tob4H0FLtEONHU1MjpUEp,GB
Arctic Monkeys,7Ln80lUS6He07XvHI8qqHH,https://open.spotify.com/artist/7Ln80lUS6He07XvHI8qqHH,US
Noah Kahan,2RQXRUsr4IW1f3mKyKsy4B,https://open.spotify.com/artist/2RQXRUsr4IW1f3mKyKsy4B,US
The Neighbourhood,77SW9BnxLY8rJ0RciFqkHh,https://open.spotify.com/artist/77SW9BnxLY8rJ0RciFqkHh,US
Tame Impala,5INjqkS1o8h1imAzPqGZBb,https://open.spotify.com/artist/5INjqkS1o8h1imAzPqGZBb,US
Indie Rock,5z2E79Gy2QejXONklp2nll,https://open.spotify.com/artist/5z2E79Gy2QejXONklp2nll,US
Her's,77mJc3M7ZT5oOVM7gNdXim,https://open.spotify.com/artist/77mJc3M7ZT5oOVM7gNdXim,US
INOHA,0uoN6ea8SXzhV7WxyrvT1h,https://open.spotify.com/artist/0uoN6ea8SXzhV7WxyrvT1h,US
Indie Rock,7xfc9stKriyr03QuSHXOcp,https://open.spotify.com/artist/7xfc9stKriyr03QuSHXOcp,US
West 22nd,2FKnkloMDcNrUeLDfQJf8i,https://open.spotify.com/artist/2FKnkloMDcNrUeLDfQJf8i,US
Olivia Rodrigo,1McMsnEElThX1knmY4oliG,https://open.spotify.com/artist/1McMsnEElThX1knmY4oliG,US
Indie Pop Velvet,4FlrHDMr8f037hRcBLA9Kc,https://open.spotify.com/artist/4FlrHDMr8f037hRcBLA9Kc,US
Malcolm Todd,7eKkW1zo5uzW8kUntiiBvz,https://open.spotify.com/artist/7eKkW1zo5uzW8kUntiiBvz,US
Indie Pop,7Kg4rdGUVcKdVdQwIQwkt7,https://open.spotify.com/artist/7Kg4rdGUVcKdVdQwIQwkt7,US
Olivia Dean,00x1fYSGhdqScXBRpSj3DW,https://open.spotify.com/artist/00x1fYSGhdqScXBRpSj3DW,US
indie pop,5OaC1lmlLYMoPR62V3fmYF,https://open.spotify.com/artist/5OaC1lmlLYMoPR62V3fmYF,US
Meltt,2iHrc69sZgyWFBAhLpS3oH,https://open.spotify.com/artist/2iHrc69sZgyWFBAhLpS3oH,US
Slowdive,72X6FHxaShda0XeQw3vbeF,https://open.spotify.com/artist/72X6FHxaShda0XeQw3vbeF,GB
shoegaze,53bdao95hXOdW6qt5yj4Kk,https://open.spotify.com/artist/53bdao95hXOdW6qt5yj4Kk,GB
Cigarettes After Sex,1QAJqy2dA3ihHBFIHRphZj,https://open.spotify.com/artist/1QAJqy2dA3ihHBFIHRphZj,GB
Alex G,6lcwlkAjBPSKnFBZjjZFJs,https://open.spotify.com/artist/6lcwlkAjBPSKnFBZjjZFJs,GB
my bloody valentine,3G3Gdm0ZRAOxLrbyjfhii5,https://open.spotify.com/artist/3G3Gdm0ZRAOxLrbyjfhii5,GB
Deftones,6Ghvu1VvMGScGpOUJBAHNH,https://open.spotify.com/artist/6Ghvu1VvMGScGpOUJBAHNH,GB
Wisp,3TJZG17pjOKXwx1ELKJPfm,https://open.spotify.com/artist/3TJZG17pjOKXwx1ELKJPfm,GB
Duster,5AyEXCtu3xnnsTGCo4RVZh,https://open.spotify.com/artist/5AyEXCtu3xnnsTGCo4RVZh,GB
bôa,5jTtGLk1mGFMY5lQOvJYUj,https://open.spotify.com/artist/5jTtGLk1mGFMY5lQOvJYUj,GB
The Verve,2cGwlqi3k18jFpUyTrsR84,https://open.spotify.com/artist/2cGwlqi3k18jFpUyTrsR84,GB
OMAH LAY,5yOvAmpIR7hVxiS6Ls5DPO,https://open.spotify.com/artist/5yOvAmpIR7hVxiS6Ls5DPO,NG
Rema,46pWGuE3dSwY3bMMXGBvVS,https://open.spotify.com/artist/46pWGuE3dSwY3bMMXGBvVS,NG
Asake,3a1tBryiczPAZpgoZN9Rzg,https://open.spotify.com/artist/3a1tBryiczPAZpgoZN9Rzg,NG
BNXN,3zaDigUwjHvjOkSn0NDf9x,https://open.spotify.com/artist/3zaDigUwjHvjOkSn0NDf9x,NG
Mavo,1VBjib1ykqXxss9Tw5YuR9,https://open.spotify.com/artist/1VBjib1ykqXxss9Tw5YuR9,NG
Wizkid,3tVQdUvClmAT7URs9V3rsp,https://open.spotify.com/artist/3tVQdUvClmAT7URs9V3rsp,NG
Seyi Vibez,4zmZ8lVLzGc84S4v2B1rLx,https://open.spotify.com/artist/4zmZ8lVLzGc84S4v2B1rLx,NG
AfroBeats,1TtIkputhybiL64ttVwE1H,https://open.spotify.com/artist/1TtIkputhybiL64ttVwE1H,NG
Afrobeats,5gpUw9tRGhCPRIn5Tgilus,https://open.spotify.com/artist/5gpUw9tRGhCPRIn5Tgilus,NG
Afrobeats,2kxeaZgoCLETqRiddpRNAJ,https://open.spotify.com/artist/2kxeaZgoCLETqRiddpRNAJ,NG
Scotts Maphuma,3S4T8XtipStwl34odXn1YS,https://open.spotify.com/artist/3S4T8XtipStwl34odXn1YS,ZA
Thatohatsi,1g6DVpTS6w8meqwY8QGy1L,https://open.spotify.com/artist/1g6DVpTS6w8meqwY8QGy1L,ZA
Benzoo,4v7teU7vW1QTe4GPPCSLD3,https://open.spotify.com/artist/4v7teU7vW1QTe4GPPCSLD3,ZA
Kabza De Small,1bNjWBFWsAAzZSR59lRdpR,https://open.spotify.com/artist/1bNjWBFWsAAzZSR59lRdpR,ZA
MaWhoo,5kwZB1xNLgB3lln1JGS2B9,https://open.spotify.com/artist/5kwZB1xNLgB3lln1JGS2B9,ZA
Kelvin Momo,4VlxI0WKDh7HFgHjXcfj6v,https://open.spotify.com/artist/4VlxI0WKDh7HFgHjXcfj6v,ZA
DJ Maphorisa,0mMqD2uqwvCjFvlzo6ayGi,https://open.spotify.com/artist/0mMqD2uqwvCjFvlzo6ayGi,ZA
Amapiano,61VIUBC0BpBejUelQtdlX9,https://open.spotify.com/artist/61VIUBC0BpBejUelQtdlX9,ZA
Amapiano,0vkoBdjcFAlaya67H91bWO,https://open.spotify.com/artist/0vkoBdjcFAlaya67H91bWO,ZA
Amapiano,775UBj0IIE3N8GDyEkTpdl,https://open.spotify.com/artist/775UBj0IIE3N8GDyEkTpdl,ZA
The Black Skirts,6WeDO4GynFmK4OxwkBzMW8,https://open.spotify.com/artist/6WeDO4GynFmK4OxwkBzMW8,KR
HANRORO,5wVJpXzuKV6Xj7Yhsf2uYx,https://open.spotify.com/artist/5wVJpXzuKV6Xj7Yhsf2uYx,KR
LUCY,4eh2JeBpQaScfHKKXZh5vO,https://open.spotify.com/artist/4eh2JeBpQaScfHKKXZh5vO,KR
Redoor,5xhi1KB7WkPiTYb5Fm3YvS,https://open.spotify.com/artist/5xhi1KB7WkPiTYb5Fm3YvS,KR
"Car, the garden",7c1HgFDe8ogy5NOZ1ANCJQ,https://open.spotify.com/artist/7c1HgFDe8ogy5NOZ1ANCJQ,KR
HAON,2krUNMgFZYm5s4Nn0g91W9,https://open.spotify.com/artist/2krUNMgFZYm5s4Nn0g91W9,KR
Kid Milli,7IWshUcKfJyDWrbiF2XT8J,https://open.spotify.com/artist/7IWshUcKfJyDWrbiF2XT8J,KR
Kenshi Yonezu,1snhtMLeb2DYoMOcVbb8iB,https://open.spotify.com/artist/1snhtMLeb2DYoMOcVbb8iB,KR
King Gnu,6wxfx1yhyqjCPYwwxJktR2,https://open.spotify.com/artist/6wxfx1yhyqjCPYwwxJktR2,KR
TOIL,698zn8fEOIr1OrfqG4283S,https://open.spotify.com/artist/698zn8fEOIr1OrfqG4283S,KR
Siddhartha,2aqFBHOpM9uIgBpUsdq09x,https://open.spotify.com/artist/2aqFBHOpM9uIgBpUsdq09x,MX
LATIN MAFIA,6XTGKOV9jceQ6f67lnhpbF,https://open.spotify.com/artist/6XTGKOV9jceQ6f67lnhpbF,MX
León Larregui,4ClsVDy2g7RKSSlvq8cF6d,https://open.spotify.com/artist/4ClsVDy2g7RKSSlvq8cF6d,MX
rusowsky,1XEVu7gdRFfzEFqsPrancH,https://open.spotify.com/artist/1XEVu7gdRFfzEFqsPrancH,MX
Caloncho,2z3KntXLyEF5Lvz1kpdBoA,https://open.spotify.com/artist/2z3KntXLyEF5Lvz1kpdBoA,MX
Nsqk,1jtvmXiemNFkPO11NMdjfu,https://open.spotify.com/artist/1jtvmXiemNFkPO11NMdjfu,MX
HUMBE,1b7AEdUSudOQoZF5ebUxCL,https://open.spotify.com/artist/1b7AEdUSudOQoZF5ebUxCL,MX
Mon Laferte,4boI7bJtmB1L3b1cuL75Zr,https://open.spotify.com/artist/4boI7bJtmB1L3b1cuL75Zr,MX
Kevin Kaarl,6OBGbSaBUvQtk9wpQfDbOE,https://open.spotify.com/artist/6OBGbSaBUvQtk9wpQfDbOE,MX
Kali Uchis,1U1el3k54VvEUzo3ybLPlM,https://open.spotify.com/artist/1U1el3k54VvEUzo3ybLPlM,MX
Djavan,5rrmaoBXZ7Jcs4Qb77j0YA,https://open.spotify.com/artist/5rrmaoBXZ7Jcs4Qb77j0YA,BR
Antônio Carlos Jobim,3pO5VjZ4wOHCMBXOvbMISG,https://open.spotify.com/artist/3pO5VjZ4wOHCMBXOvbMISG,BR
Bossa Nova Brain,1900VhTZYti41WzlSL1cZm,https://open.spotify.com/artist/1900VhTZYti41WzlSL1cZm,BR
Caetano Veloso,7HGNYPmbDrMkylWqeFCOIQ,https://open.spotify.com/artist/7HGNYPmbDrMkylWqeFCOIQ,BR
Bossa Nova Covers,6lkrkVSqgzJZz2jguafSAy,https://open.spotify.com/artist/6lkrkVSqgzJZz2jguafSAy,BR
Toquinho,7rPqFVgJYARiFsLDlN6W6y,https://open.spotify.com/artist/7rPqFVgJYARiFsLDlN6W6y,BR
João Gilberto,77ZUbcdoU5KCPHNUl8bgQy,https://open.spotify.com/artist/77ZUbcdoU5KCPHNUl8bgQy,BR
Bossa Nova,4qlrhzTCrXHVXU8O7UCz60,https://open.spotify.com/artist/4qlrhzTCrXHVXU8O7UCz60,BR
Marisa Monte,0rSTXALHu0EKAawPLBdODH,https://open.spotify.com/artist/0rSTXALHu0EKAawPLBdODH,BR
Bossa Bros,5jd0MgoI9F3hxcQHBPEk6V,https://open.spotify.com/artist/5jd0MgoI9F3hxcQHBPEk6V,BR
